Unnamed: 0,price
1,
3,
8,
10,
12,
22,
23,
26,
29,
30,
31,
32,
33,
34,
35,
36,
37,
39,
43,
44,
52,
76,
77,
78,
79,
80,
81,
82,
83,
85,
91,
93,
96,
97,
119,
123,
124,
125,
126,
127,
129,
130,
134,
140,
143,
144,
146,
149,
150,
168,
169,
172,
175,
187,
192,
193,
194,
195,
196,
197,
198,
199,
201,
202,
203,
204,
207,
211,
215,
222,
223,
227,
235,
236,
250,
257,
267,
268,
270,
272,
273,
297,
303,
307,
330,
334,
342,
346,
349,
350,
361,
364,
369,
372,
377,
378,
379,
381,
387,
388,
389,
390,
409,
410,
411,
412,
416,
420,
421,
422,
427,
429,
436,
437,
438,
439,
463,
464,
465,
469,
470,
471,
472,
476,
488,
492,
498,
499,
502,
503,
504,
505,
506,
507,
508,
509,
510,
520,
521,
527,
529,
531,
532,
533,
537,
540,
541,
542,
563,
566,
571,
572,
574,
575,
586,
590,
592,
593,
596,
598,
599,
600,
601,
602,
603,
604,
605,
608,
613,
615,
616,
623,
627,
631,
632,
633,
641,
642,
643,
653,
657,
658,
660,
667,
668,
675,
680,
681,
683,
689,
693,
699,
701,
704,
705,
706,
707,
708,
721,
722,
724,
725,
726,
727,
728,
729,
754,
759,
763,
770,
773,
774,
777,
786,
787,
789,
790,
792,
797,
798,
800,
804,
814,
827,
830,
834,
836,
837,
838,
842,
847,
852,
856,
864,
867,
868,
869,
870,
871,
872,
889,
890,
891,
892,
893,
894,
895,
906,
907,
915,
924,
927,
944,
947,
948,
970,
973,
975,
976,
977,
982,
983,
1010,
1011,
1029,
1030,
1031,
1032,
1033,
1037,
1039,
1047,
1081,
1083,
1084,
1094,
1100,
1107,
1109,
1119,
1129,
1149,
1158,
1160,
1164,
1171,
1172,
1175,
1176,
1178,
1179,
1186,
1189,
1190,
1191,
1199,
1202,
1205,
1206,
1223,
1224,
1226,
1227,
1231,
1237,
1247,
1258,
1259,
1263,
1266,
1285,
1286,
1287,
1288,
1291,
1292,
1293,
1295,
1304,
1307,
1311,
1312,
1314,
1322,
1324,
1327,
1328,
1329,
1332,
1349,
1351,
1355,
1356,
1370,
1371,
1373,
1374,
1376,
1377,
1378,
1405,
1408,
1413,
1415,
1420,
1424,
1427,
1433,
1435,
1436,
1441,
1442,
1443,
1450,
1456,
1460,
1462,
1463,
1464,
1465,
1466,
1467,
1477,
1479,
1482,
1484,
1496,
1497,
1499,
1500,
1503,
1504,
1515,
1516,
1521,
1523,
1525,
1526,
1531,
1534,
1541,
1542,
1543,
1559,
1569,
1570,
1576,
1583,
1584,
1586,
1587,
1598,
1599,
1600,
1602,
1603,
1604,
1605,
1611,
1628,
1632,
1633,
1638,
1641,
1644,
1646,
1649,
1652,
1658,
1672,
1680,
1692,
1693,
1694,
1696,
1697,
1698,
1699,
1710,
1743,
1745,
1746,
1767,
1770,
1771,
1773,
1785,
1789,
1793,
1795,
1797,
1799,
1808,
1823,
1824,
1826,
1833,
1837,
1839,
1845,
1846,
1847,
1850,
1851,
1854,
1856,
1865,
1866,
1867,
1872,
1874,
1876,
1879,
1881,
1889,
1903,
1904,
1910,
1918,
1921,
1922,
1936,
1953,
1954,
1955,
1956,
1970,
1975,
1978,
1979,
1980,
1982,
1983,
1986,
1988,
1993,
2001,
2019,
2030,
2038,
2039,
2040,
2079,
2080,
2087,
2094,
2102,
2111,
2113,
2116,
2117,
2120,
2134,
2138,
2143,
2150,
2151,
2152,
2157,
2165,
2167,
2169,
2171,
2177,
2202,
2209,
2218,
2223,
2224,
2226,
2242,
2245,
2246,
2248,
2252,
2264,
2265,
2266,
2268,
2271,
2272,
2276,
2277,
2280,
2282,
2302,
2310,
2318,
2320,
2321,
2327,
2350,
2351,
2354,
2360,
2362,
2365,
2399,
2401,
2403,
2419,
2420,
2421,
2422,
2434,
2436,
2439,
2440,
2441,
2451,
2452,
2462,
2463,
2464,
2474,
2481,
2490,
2491,
2494,
2504,
2509,
2510,
2516,
2517,
2524,
2525,
2528,
2530,
2531,
2544,
2545,
2546,
2547,
2552,
2553,
2561,
2567,
2568,
2573,
2581,
2586,
2587,
2594,
2611,
2616,
2633,
2634,
2640,
2647,
2653,
2655,
2657,
2659,
2662,
2663,
2667,
2671,
2672,
2675,
2676,
2677,
2720,
2721,
2722,
2723,
2724,
2725,
2727,
2728,
2733,
2734,
2735,
2736,
2745,
2765,
2771,
2772,
2773,
2774,
2786,
2791,
2798,
2800,
2805,
2812,
2813,
2815,
2831,
2832,
2838,
2841,
2850,
2862,
2869,
2879,
2881,
2883,
2889,
2892,
2893,
2896,
2897,
2914,
2918,
2919,
2921,
2922,
2923,
2929,
2934,
2951,
2954,
2957,
2960,
2962,
2968,
2971,
2972,
2974,
2975,
2984,
2986,
2991,
3001,
3013,
3028,
3029,
3033,
3034,
3035,
3045,
3046,
3047,
3048,
3049,
3050,
3051,
3053,
3054,
3056,
3057,
3058,
3060,
3061,
3063,
3071,
3079,
3098,
3104,
3108,
3115,
3120,
3121,
3122,
3136,
3138,
3141,
3142,
3143,
3163,
3164,
3165,
3179,
3180,
3181,
3183,
3198,
3201,
3208,
3209,
3212,
3213,
3218,
3224,
3239,
3243,
3255,
3256,
3260,
3262,
3266,
3278,
3279,
3282,
3285,
3286,
3287,
3288,
3289,
3290,
3291,
3298,
3304,
3311,
3321,
3326,
3332,
3333,
3335,
3340,
3347,
3349,
3350,
3351,
3352,
3353,
3359,
3368,
3369,
3391,
3392,
3393,
3395,
3403,
3424,
3425,
3426,
3435,
3436,
3449,
3452,
3454,
3464,
3466,
3467,
3474,
3491,
3496,
3497,
3512,
3513,
3514,
3520,
3532,
3533,
3538,
3548,
3568,
3569,
3571,
3572,
3578,
3590,
3591,
3592,
3593,
3600,
3602,
3604,
3613,
3619,
3639,
3650,
3651,
3653,
3656,
3662,
3678,
3679,
3684,
3693,
3696,
3708,
3711,
3717,
3718,
3734,
3740,
3749,
3753,
3761,
3774,
3780,
3791,
3793,
3817,
3823,
3827,
3828,
3830,
3845,
3849,
3852,
3853,
3870,
3887,
3898,
3922,
3927,
3930,
3934,
3942,
3950,
3951,
3953,
3954,
3955,
3957,
3959,
3975,
3979,
3988,
3989,
3992,
3999,
4002,
4017,
4018,
4026,
4036,
4047,
4062,
4081,
4097,
4100,
4102,
4104,
4111,
4121,
4126,
4130,
4131,
4134,
4135,
4141,
4150,
4151,
4157,
4184,
4185,
4191,
4214,
4215,
4228,
4231,
4232,
4233,
4236,
4237,
4243,
4247,
4253,
4254,
4255,
4287,
4288,
4292,
4294,
4295,
4302,
4307,
4352,
4354,
4359,
4363,
4370,
4373,
4375,
4377,
4378,
4379,
4411,
4417,
4421,
4426,
4430,
4444,
4447,
4448,
4449,
4451,
4460,
4464,
4466,
4467,
4468,
4472,
4474,
4475,
4477,
4507,
4509,
4512,
4515,
4526,
4530,
4532,
4533,
4548,
4549,
4551,
4557,
4562,
4563,
4564,
4566,
4584,
4587,
4596,
4597,
4603,
4607,
4615,
4619,
4621,
4623,
4626,
4627,
4629,
4632,
4639,
4644,
4646,
4657,
4661,
4662,
4666,
4667,
4677,
4679,
4682,
4702,
4703,
4704,
4731,
4745,
4747,
4755,
4772,
4773,
4785,
4787,
4792,
4793,
4794,
4796,
4802,
4803,
4818,
4819,
4820,
4831,
4844,
4859,
4860,
4904,
4905,
4909,
4910,
4918,
4919,
4922,
4923,
4924,
4927,
4933,
4934,
4935,
4942,
4946,
4949,
4960,
4967,
4968,
4970,
4971,
4972,
4975,
4981,
4991,
4996,
4997,
5003,
5004,
5012,
5013,
5014,
5016,
5020,
5021,
5022,
5024,
5025,
5026,
5060,
5061,
5062,
5063,
5064,
5078,
5081,
5085,
5089,
5098,
5099,
5104,
5121,
5124,
5125,
5126,
5129,
5130,
5137,
5142,
5146,
5149,
5168,
5169,
5171,
5181,
5193,
5194,
5195,
5218,
5219,
5220,
5221,
5226,
5236,
5237,
5243,
5264,
5271,
5276,
5277,
5281,
5288,
5290,
5291,
5311,
5334,
5343,
5344,
5365,
5366,
5376,
5377,
5378,
5379,
5380,
5381,
5382,
5383,
5384,
5385,
5386,
5415,
5421,
5426,
5429,
5431,
5438,
5442,
5445,
5448,
5452,
5467,
5470,
5484,
5494,
5496,
5500,
5503,
5504,
5507,
5511,
5512,
5513,
5514,
5530,
5531,
5537,
5539,
5540,
5575,
5580,
5599,
5600,
5601,
5609,
5623,
5636,
5647,
5651,
5664,
5665,
5669,
5671,
5672,
5680,
5683,
5687,
5688,
5697,
5714,
5717,
5727,
5736,
5737,
5744,
5769,
5771,
5772,
5773,
5779,
5780,
5790,
5798,
5809,
5812,
5813,
5824,
5833,
5837,
5856,
5859,
5860,
5871,
5873,
5876,
5877,
5900,
5903,
5910,
5911,
5912,
5920,
5932,
5933,
5953,
5954,
5977,
5984,
5991,
5993,
5997,
5998,
6010,
6012,
6015,
6016,
6017,
6062,
6067,
6070,
6075,
6076,
6077,
6078,
6088,
6089,
6096,
6099,
6100,
6101,
6102,
6110,
6112,
6113,
6134,
6136,
6137,
6138,
6139,
6149,
6151,
6159,
6162,
6180,
6184,
6186,
6187,
6190,
6201,
6211,
6218,
6233,
6234,
6240,
6244,
6264,
6265,
6288,
6294,
6295,
6296,
6299,
6312,
6313,
6314,
6318,
6319,
6330,
6333,
6334,
6344,
6351,
6360,
6412,
6414,
6435,
6436,
6437,
6438,
6439,
6449,
6450,
6451,
6456,
6457,
6458,
6466,
6472,
6481,
6493,
6513,
6517,
6520,
6521,
6523,
6524,
6525,
6538,
6562,
6590,
6597,
6607,
6621,
6625,
6626,
6640,
6646,
6658,
6662,
6665,
6670,
6672,
6679,
6690,
6708,
6710,
6712,
6713,
6718,
6721,
6724,
6725,
6726,
6727,
6728,
6736,
6757,
6759,
6761,
6764,
6766,
6768,
6769,
6770,
6771,
6774,
6779,
6783,
6784,
6786,
6788,
6791,
6792,
6793,
6796,
6829,
6839,
6840,
6841,
6842,
6855,
6867,
6868,
6869,
6871,
6880,
6882,
6885,
6886,
6887,
6893,
6902,
6903,
6904,
6921,
6922,
6923,
6925,
6926,
6933,
6943,
6944,
6949,
6969,
6995,
7004,
7007,
7012,
7013,
7020,
7031,
7033,
7043,
7084,
7091,
7103,
7106,
7115,
7138,
7143,
7149,
7157,
7162,
7170,
7186,
7187,
7193,
7194,
7198,
7207,
7208,
7220,
7224,
7239,
7244,
7249,
7258,
7265,
7266,
7290,
7291,
7292,
7293,
7298,
7303,
7307,
7309,
7310,
7312,
7330,
7331,
7332,
7337,
7338,
7339,
7340,
7341,
7342,
7355,
7359,
7375,
7376,
7412,
7413,
7416,
7430,
7441,
7449,
7469,
7473,
7474,
7476,
7482,
7483,
7489,
7496,
7499,
7501,
7515,
7537,
7542,
7545,
7557,
7558,
7561,
7563,
7571,
7580,
7586,
7588,
7590,
7591,
7596,
7597,
7599,
7630,
7633,
7638,
7639,
7640,
7658,
7664,
7665,
7669,
7677,
7686,
7688,
7691,
7692,
7719,
7720,
7721,
7722,
7723,
7724,
7725,
7726,
7727,
7736,
7737,
7747,
7748,
7754,
7758,
7762,
7767,
7768,
7769,
7771,
7775,
7793,
7809,
7811,
7813,
7830,
7837,
7838,
7841,
7842,
7862,
7866,
7878,
7895,
7896,
7904,
7906,
7916,
7921,
7928,
7949,
7964,
7968,
7969,
7970,
7976,
7990,
7991,
7996,
8011,
8012,
8024,
8028,
8034,
8052,
8053,
8054,
8055,
8056,
8057,
8058,
8059,
8061,
8062,
8063,
8074,
8095,
8100,
8103,
8105,
8106,
8107,
8110,
8113,
8120,
8123,
8127,
8151,
8154,
8155,
8158,
8159,
8160,
8161,
8163,
8175,
8185,
8186,
8188,
8191,
8196,
8197,
8198,
8207,
8210,
8218,
8221,
8222,
8225,
8237,
8238,
8294,
8297,
8302,
8304,
8305,
8315,
8317,
8323,
8328,
8333,
8390,
8394,
8399,
8404,
8409,
8418,
8421,
8427,
8432,
8438,
8451,
8463,
8483,
8487,
8499,
8504,
8513,
8535,
8536,
8538,
8539,
8540,
8541,
8542,
8552,
8556,
8559,
8560,
8570,
8571,
8581,
8582,
8583,
8584,
8589,
8591,
8607,
8608,
8615,
8628,
8631,
8637,
8640,
8642,
8645,
8646,
8651,
8652,
8659,
8660,
8662,
8663,
8666,
8683,
8685,
8691,
8695,
8712,
8713,
8727,
8728,
8729,
8730,
8747,
8748,
8749,
8753,
8755,
8756,
8757,
8768,
8793,
8797,
8801,
8808,
8809,
8811,
8812,
8817,
8818,
8824,
8860,
8868,
8869,
8878,
8889,
8890,
8891,
8899,
8930,
8931,
8959,
8960,
8981,
8987,
8989,
8996,
9000,
9001,
9002,
9008,
9015,
9016,
9017,
9028,
9029,
9031,
9032,
9033,
9043,
9051,
9052,
9053,
9054,
9055,
9056,
9057,
9058,
9059,
9063,
9066,
9070,
9077,
9086,
9089,
9092,
9094,
9108,
9110,
9123,
9125,
9127,
9128,
9129,
9135,
9136,
9137,
9138,
9139,
9140,
9142,
9151,
9152,
9163,
9169,
9171,
9185,
9194,
9196,
9197,
9198,
9199,
9204,
9210,
9217,
9219,
9220,
9225,
9232,
9256,
9259,
9260,
9272,
9286,
9289,
9294,
9296,
9298,
9299,
9301,
9309,
9314,
9329,
9335,
9338,
9339,
9340,
9352,
9359,
9405,
9428,
9429,
9433,
9455,
9463,
9472,
9473,
9487,
9491,
9499,
9501,
9503,
9506,
9507,
9541,
9554,
9556,
9557,
9558,
9561,
9562,
9564,
9567,
9568,
9586,
9587,
9590,
9593,
9594,
9616,
9620,
9622,
9625,
9629,
9630,
9642,
9643,
9653,
9654,
9655,
9666,
9668,
9673,
9675,
9685,
9687,
9709,
9711,
9712,
9724,
9725,
9736,
9737,
9738,
9743,
9744,
9751,
9752,
9753,
9754,
9755,
9756,
9759,
9768,
9774,
9776,
9777,
9781,
9806,
9808,
9813,
9814,
9815,
9839,
9840,
9848,
9852,
9862,
9871,
9885,
9886,
9899,
9914,
9915,
9916,
9918,
9919,
9920,
9926,
9936,
9950,
9964,
9975,
9978,
9989,
9991,
10005,
10011,
10017,
10021,
10022,
10024,
10025,
10027,
10028,
10033,
10038,
10040,
10041,
10042,
10043,
10053,
10054,
10055,
10056,
10057,
10082,
10085,
10094,
10095,
10100,
10103,
10104,
10107,
10129,
10132,
10135,
10151,
10152,
10153,
10154,
10161,
10169,
10171,
10177,
10190,
10196,
10197,
10198,
10214,
10218,
10219,
10222,
10228,
10229,
10230,
10232,
10236,
10240,
10242,
10244,
10252,
10253,
10254,
10272,
10273,
10293,
10296,
10312,
10328,
10329,
10330,
10339,
10343,
10354,
10359,
10362,
10369,
10371,
10373,
10374,
10377,
10380,
10383,
10411,
10412,
10432,
10433,
10435,
10436,
10437,
10439,
10466,
10467,
10481,
10492,
10517,
10533,
10545,
10555,
10557,
10568,
10570,
10572,
10580,
10588,
10589,
10590,
10591,
10592,
10593,
10594,
10609,
10610,
10614,
10617,
10619,
10620,
10629,
10630,
10631,
10632,
10634,
10636,
10637,
10640,
10653,
10656,
10660,
10661,
10662,
10664,
10665,
10666,
10669,
10686,
10691,
10692,
10702,
10706,
10742,
10766,
10771,
10786,
10788,
10796,
10801,
10802,
10803,
10804,
10806,
10807,
10821,
10823,
10824,
10827,
10840,
10842,
10843,
10844,
10845,
10846,
10848,
10855,
10856,
10857,
10870,
10873,
10876,
10887,
10907,
10916,
10922,
10929,
10933,
10934,
10951,
10960,
10961,
10963,
10965,
10972,
10981,
10983,
10991,
10995,
11005,
11007,
11009,
11010,
11021,
11022,
11026,
11027,
11034,
11037,
11061,
11065,
11066,
11067,
11068,
11069,
11070,
11073,
11074,
11075,
11076,
11077,
11083,
11088,
11089,
11096,
11100,
11101,
11106,
11117,
11118,
11119,
11125,
11133,
11137,
11138,
11143,
11144,
11155,
11174,
11175,
11201,
11204,
11205,
11210,
11211,
11213,
11222,
11224,
11234,
11243,
11244,
11245,
11260,
11261,
11262,
11263,
11264,
11265,
11270,
11271,
11277,
11296,
11297,
11298,
11304,
11309,
11310,
11314,
11323,
11329,
11358,
11360,
11364,
11365,
11366,
11370,
11372,
11373,
11374,
11375,
11376,
11377,
11379,
11380,
11382,
11383,
11384,
11385,
11386,
11387,
11388,
11389,
11390,
11391,
11392,
11393,
11394,
11396,
11397,
11398,
11399,
11400,
11417,
11418,
11423,
11424,
11430,
11440,
11442,
11456,
11460,
11469,
11478,
11486,
11487,
11490,
11491,
11492,
11506,
11510,
11514,
11518,
11525,
11552,
11554,
11556,
11559,
11571,
11574,
11579,
11581,
11583,
11585,
11586,
11597,
11598,
11609,
11611,
11615,
11617,
11623,
11626,
11627,
11629,
11631,
11643,
11645,
11647,
11662,
11664,
11669,
11671,
11672,
11683,
11701,
11702,
11703,
11704,
11705,
11706,
11707,
11708,
11709,
11710,
11713,
11714,
11715,
11716,
11717,
11719,
11720,
11721,
11722,
11723,
11724,
11725,
11726,
11727,
11728,
11729,
11730,
11731,
11736,
11739,
11743,
11745,
11747,
11753,
11762,
11766,
11767,
11768,
11772,
11778,
11783,
11785,
11798,
11802,
11806,
11811,
11813,
11820,
11821,
11833,
11839,
11844,
11845,
11849,
11869,
11872,
11873,
11874,
11886,
11890,
11892,
11894,
11895,
11896,
11901,
11903,
11904,
11906,
11912,
11919,
11920,
11926,
11944,
11952,
11960,
11965,
11971,
11974,
11976,
11977,
11982,
11983,
11984,
11985,
11989,
11991,
11997,
11998,
12011,
12022,
12023,
12028,
12031,
12033,
12034,
12035,
12036,
12037,
12039,
12040,
12041,
12044,
12046,
12047,
12048,
12049,
12051,
12052,
12053,
12054,
12055,
12056,
12057,
12058,
12059,
12060,
12068,
12071,
12080,
12081,
12082,
12087,
12091,
12098,
12099,
12100,
12103,
12105,
12120,
12121,
12123,
12127,
12135,
12139,
12141,
12142,
12145,
12150,
12152,
12153,
12155,
12157,
12158,
12159,
12164,
12165,
12178,
12181,
12189,
12192,
12193,
12204,
12212,
12213,
12214,
12215,
12218,
12240,
12254,
12256,
12262,
12277,
12278,
12279,
12280,
12282,
12287,
12296,
12308,
12309,
12312,
12320,
12322,
12326,
12327,
12328,
12330,
12331,
12337,
12351,
12361,
12362,
12363,
12364,
12365,
12366,
12367,
12368,
12369,
12370,
12371,
12377,
12378,
12396,
12405,
12415,
12416,
12424,
12436,
12440,
12447,
12455,
12458,
12463,
12465,
12467,
12469,
12470,
12481,
12483,
12484,
12488,
12495,
12496,
12498,
12499,
12502,
12505,
12506,
12507,
12514,
12521,
12525,
12538,
12539,
12541,
12543,
12547,
12550,
12558,
12565,
12566,
12569,
12574,
12575,
12576,
12577,
12578,
12579,
12580,
12581,
12586,
12593,
12618,
12639,
12641,
12642,
12650,
12664,
12667,
12668,
12680,
12683,
12686,
12687,
12692,
12696,
12700,
12701,
12702,
12703,
12704,
12705,
12706,
12707,
12708,
12709,
12710,
12711,
12712,
12713,
12714,
12715,
12716,
12732,
12739,
12740,
12741,
12743,
12745,
12748,
12750,
12753,
12758,
12772,
12773,
12779,
12792,
12793,
12801,
12802,
12803,
12810,
12811,
12813,
12825,
12835,
12836,
12843,
12857,
12859,
12865,
12880,
12887,
12890,
12892,
12894,
12896,
12899,
12901,
12909,
12910,
12913,
12914,
12915,
12916,
12917,
12919,
12920,
12921,
12924,
12931,
12936,
12939,
12942,
12954,
12960,
12971,
12977,
12978,
13006,
13013,
13015,
13016,
13017,
13018,
13019,
13025,
13026,
13027,
13028,
13029,
13030,
13031,
13032,
13033,
13047,
13056,
13060,
13064,
13065,
13068,
13072,
13078,
13094,
13104,
13112,
13116,
13121,
13128,
13133,
13137,
13146,
13154,
13163,
13171,
13172,
13174,
13175,
13181,
13183,
13194,
13196,
13199,
13203,
13211,
13213,
13216,
13217,
13221,
13227,
13228,
13246,
13247,
13250,
13253,
13257,
13260,
13261,
13262,
13265,
13268,
13273,
13274,
13275,
13284,
13293,
13295,
13296,
13303,
13349,
13352,
13377,
13378,
13412,
13414,
13415,
13416,
13419,
13421,
13425,
13431,
13434,
13435,
13438,
13439,
13441,
13442,
13446,
13449,
13453,
13458,
13460,
13466,
13467,
13468,
13477,
13478,
13482,
13484,
13485,
13486,
13490,
13491,
13496,
13497,
13498,
13499,
13500,
13511,
13521,
13529,
13530,
13531,
13535,
13536,
13537,
13544,
13547,
13550,
13558,
13559,
13564,
13565,
13566,
13600,
13602,
13605,
13607,
13608,
13613,
13617,
13626,
13630,
13631,
13632,
13636,
13639,
13640,
13642,
13645,
13651,
13652,
13653,
13655,
13656,
13662,
13674,
13675,
13700,
13701,
13705,
13706,
13722,
13726,
13727,
13728,
13729,
13730,
13731,
13732,
13735,
13739,
13740,
13751,
13752,
13757,
13761,
13762,
13763,
13766,
13768,
13770,
13771,
13773,
13778,
13780,
13806,
13809,
13811,
13827,
13828,
13829,
13835,
13844,
13850,
13859,
13862,
13863,
13868,
13875,
13876,
13881,
13882,
13883,
13892,
13893,
13913,
13921,
13929,
13933,
13934,
13935,
13943,
13946,
13956,
13957,
13958,
13961,
13973,
13975,
13977,
13978,
13979,
13981,
13982,
13986,
13987,
13995,
13996,
14002,
14003,
14005,
14006,
14007,
14026,
14029,
14042,
14043,
14045,
14046,
14047,
14073,
14077,
14079,
14080,
14081,
14083,
14088,
14092,
14095,
14099,
14108,
14109,
14110,
14113,
14118,
14124,
14128,
14131,
14132,
14137,
14140,
14159,
14160,
14163,
14164,
14165,
14170,
14173,
14174,
14179,
14195,
14207,
14208,
14209,
14214,
14215,
14220,
14224,
14230,
14237,
14243,
14245,
14252,
14270,
14272,
14273,
14276,
14281,
14285,
14286,
14287,
14297,
14303,
14307,
14315,
14316,
14322,
14332,
14336,
14356,
14357,
14370,
14403,
14406,
14407,
14413,
14419,
14420,
14421,
14422,
14423,
14426,
14428,
14433,
14436,
14439,
14441,
14444,
14445,
14450,
14452,
14453,
14459,
14480,
14481,
14482,
14488,
14489,
14491,
14493,
14529,
14536,
14537,
14538,
14539,
14547,
14548,
14555,
14556,
14575,
14577,
14578,
14580,
14581,
14582,
14583,
14592,
14594,
14595,
14598,
14605,
14616,
14618,
14632,
14639,
14640,
14643,
14645,
14652,
14654,
14659,
14662,
14668,
14669,
14681,
14687,
14731,
14734,
14740,
14742,
14766,
14767,
14772,
14779,
14780,
14790,
14798,
14800,
14801,
14804,
14808,
14813,
14838,
14839,
14840,
14848,
14851,
14855,
14860,
14863,
14874,
14877,
14879,
14890,
14909,
14913,
14914,
14918,
14920,
14926,
14942,
14943,
14944,
14945,
14946,
14947,
14952,
14960,
14964,
14975,
14977,
14983,
14990,
14999,
15001,
15007,
15008,
15012,
15013,
15020,
15066,
15067,
15078,
15085,
15100,
15101,
15116,
15121,
15132,
15136,
15143,
15147,
15150,
15165,
15167,
15186,
15190,
15193,
15197,
15201,
15221,
15229,
15239,
15245,
15262,
15265,
15266,
15267,
15268,
15269,
15270,
15281,
15284,
15290,
15291,
15293,
15295,
15296,
15297,
15306,
15310,
15313,
15317,
15318,
15332,
15349,
15351,
15373,
15383,
15394,
15395,
15399,
15400,
15411,
15413,
15430,
15440,
15441,
15454,
15465,
15477,
15485,
15500,
15503,
15505,
15508,
15509,
15516,
15520,
15540,
15551,
15552,
15566,
15574,
15579,
15583,
15584,
15585,
15607,
15616,
15619,
15620,
15664,
15668,
15688,
15702,
15730,
15732,
15742,
15755,
15756,
15762,
15764,
15766,
15773,
15780,
15801,
15808,
15809,
15810,
15812,
15827,
15831,
15832,
15842,
15844,
15855,
15856,
15859,
15861,
15863,
15875,
15877,
15882,
15888,
15915,
15920,
15925,
15929,
15938,
15941,
15942,
15944,
15949,
15950,
15955,
15956,
15960,
15961,
15971,
15973,
15974,
15976,
15980,
15994,
15996,
16002,
16005,
16010,
16015,
16051,
16058,
16067,
16068,
16069,
16081,
16088,
16091,
16099,
16103,
16119,
16120,
16121,
16123,
16125,
16140,
16142,
16144,
16147,
16150,
16180,
16184,
16189,
16190,
16197,
16198,
16202,
16219,
16220,
16222,
16227,
16230,
16233,
16234,
16235,
16237,
16240,
16251,
16255,
16277,
16278,
16279,
16280,
16293,
16295,
16306,
16308,
16309,
16316,
16318,
16326,
16338,
16339,
16340,
16344,
16391,
16392,
16399,
16402,
16403,
16407,
16415,
16418,
16422,
16425,
16429,
16434,
16442,
16450,
16451,
16452,
16457,
16461,
16470,
16472,
16475,
16478,
16480,
16481,
16489,
16490,
16501,
16502,
16522,
16523,
16524,
16528,
16549,
16559,
16560,
16576,
16579,
16582,
16591,
16592,
16600,
16602,
16607,
16608,
16611,
16614,
16622,
16634,
16636,
16639,
16641,
16643,
16644,
16645,
16646,
16648,
16657,
16668,
16669,
16675,
16731,
16734,
16735,
16736,
16737,
16738,
16739,
16743,
16744,
16745,
16746,
16748,
16755,
16759,
16761,
16763,
16765,
16766,
16767,
16771,
16774,
16785,
16799,
16808,
16813,
16816,
16824,
16827,
16828,
16836,
16838,
16846,
16854,
16857,
16864,
16865,
16883,
16888,
16890,
16892,
16893,
16895,
16897,
16916,
16923,
16924,
16925,
16927,
16937,
16946,
16953,
16956,
16959,
16961,
16965,
16989,
17006,
17013,
17016,
17039,
17040,
17043,
17053,
17054,
17058,
17059,
17077,
17078,
17081,
17087,
17089,
17090,
17097,
17102,
17104,
17105,
17107,
17108,
17110,
17111,
17123,
17128,
17134,
17137,
17149,
17158,
17159,
17160,
17162,
17169,
17176,
17177,
17178,
17187,
17196,
17203,
17205,
17219,
17231,
17234,
17237,
17238,
17240,
17270,
17275,
17277,
17280,
17281,
17293,
17294,
17298,
17299,
17306,
17308,
17316,
17317,
17318,
17322,
17324,
17326,
17332,
17333,
17335,
17337,
17347,
17364,
17375,
17376,
17377,
17378,
17379,
17380,
17381,
17382,
17383,
17384,
17385,
17386,
17398,
17401,
17406,
17408,
17414,
17415,
17416,
17419,
17420,
17423,
17428,
17429,
17431,
17444,
17450,
17461,
17464,
17465,
17466,
17468,
17477,
17479,
17480,
17482,
17484,
17486,
17495,
17498,
17500,
17511,
17517,
17525,
17549,
17554,
17564,
17566,
17567,
17568,
17569,
17570,
17571,
17572,
17579,
17582,
17590,
17596,
17600,
17604,
17613,
17614,
17620,
17622,
17624,
17634,
17638,
17645,
17646,
17653,
17655,
17657,
17660,
17667,
17669,
17671,
17673,
17674,
17682,
17683,
17687,
17688,
17689,
17691,
17693,
17694,
17698,
17711,
17712,
17713,
17714,
17715,
17725,
17735,
17736,
17737,
17741,
17747,
17749,
17752,
17754,
17756,
17759,
17768,
17773,
17775,
17776,
17780,
17782,
17797,
17798,
17800,
17802,
17827,
17829,
17833,
17834,
17837,
17854,
17856,
17863,
17865,
17873,
17874,
17875,
17886,
17887,
17896,
17905,
17909,
17916,
17917,
17921,
17933,
17934,
17948,
17949,
17950,
17959,
17960,
17972,
17977,
17978,
17979,
17983,
17984,
17987,
17991,
17993,
17996,
18003,
18007,
18021,
18052,
18058,
18059,
18061,
18062,
18065,
18071,
18086,
18091,
18094,
18095,
18096,
18098,
18103,
18117,
18119,
18121,
18125,
18126,
18130,
18131,
18132,
18136,
18137,
18138,
18153,
18154,
18160,
18162,
18163,
18167,
18175,
18177,
18182,
18187,
18188,
18189,
18194,
18195,
18224,
18227,
18228,
18233,
18234,
18235,
18236,
18237,
18239,
18242,
18250,
18257,
18263,
18264,
18265,
18266,
18267,
18270,
18274,
18282,
18296,
18307,
18308,
18309,
18310,
18318,
18324,
18328,
18333,
18334,
18341,
18358,
18385,
18386,
18393,
18394,
18396,
18402,
18404,
18405,
18433,
18434,
18446,
18449,
18459,
18461,
18462,
18470,
18471,
18486,
18493,
18494,
18497,
18499,
18500,
18502,
18508,
18509,
18511,
18514,
18523,
18524,
18532,
18533,
18534,
18535,
18536,
18537,
18542,
18560,
18565,
18573,
18576,
18578,
18579,
18580,
18582,
18588,
18591,
18592,
18594,
18605,
18606,
18610,
18614,
18617,
18618,
18626,
18637,
18638,
18645,
18656,
18660,
18662,
18667,
18678,
18679,
18685,
18700,
18705,
18706,
18707,
18708,
18709,
18710,
18711,
18712,
18713,
18714,
18715,
18716,
18717,
18721,
18724,
18727,
18732,
18743,
18748,
18749,
18759,
18781,
18783,
18784,
18785,
18792,
18794,
18795,
18798,
18801,
18804,
18805,
18806,
18807,
18811,
18815,
18819,
18827,
18829,
18836,
18840,
18841,
18842,
18843,
18853,
18863,
18866,
18877,
18880,
18881,
18885,
18891,
18897,
18899,
18903,
18904,
18908,
18910,
18912,
18913,
18918,
18921,
18925,
18929,
18935,
18945,
18947,
18955,
18965,
18967,
18971,
18979,
18987,
18988,
19000,
19003,
19019,
19022,
19023,
19024,
19025,
19026,
19030,
19031,
19044,
19052,
19059,
19061,
19066,
19068,
19069,
19070,
19071,
19076,
19082,
19083,
19084,
19092,
19097,
19098,
19100,
19102,
19106,
19107,
19112,
19126,
19132,
19133,
19139,
19147,
19155,
19164,
19177,
19178,
19180,
19182,
19186,
19190,
19199,
19206,
19217,
19221,
19223,
19242,
19248,
19252,
19255,
19261,
19264,
19266,
19273,
19281,
19289,
19303,
19304,
19305,
19307,
19320,
19321,
19322,
19323,
19324,
19325,
19326,
19334,
19335,
19337,
19339,
19343,
19344,
19350,
19358,
19359,
19360,
19361,
19362,
19363,
19364,
19365,
19371,
19372,
19373,
19374,
19375,
19376,
19381,
19382,
19383,
19387,
19388,
19390,
19396,
19397,
19412,
19420,
19422,
19423,
19439,
19441,
19442,
19443,
19444,
19449,
19457,
19461,
19464,
19477,
19489,
19490,
19502,
19505,
19518,
19519,
19523,
19531,
19538,
19539,
19541,
19546,
19555,
19565,
19566,
19574,
19576,
19580,
19586,
19587,
19590,
19593,
19594,
19596,
19601,
19602,
19603,
19609,
19613,
19618,
19625,
19626,
19628,
19629,
19634,
19639,
19640,
19649,
19650,
19651,
19653,
19657,
19659,
19663,
19666,
19670,
19671,
19676,
19677,
19680,
19684,
19685,
19710,
19713,
19714,
19715,
19728,
19741,
19742,
19743,
19754,
19755,
19757,
19766,
19767,
19773,
19775,
19777,
19784,
19785,
19786,
19788,
19789,
19792,
19797,
19806,
19808,
19815,
19818,
19821,
19822,
19823,
19825,
19828,
19829,
19833,
19844,
19854,
19855,
19859,
19862,
19868,
19872,
19876,
19877,
19878,
19885,
19886,
19890,
19891,
19892,
19893,
19894,
19896,
19903,
19905,
19913,
19915,
19916,
19917,
19919,
19922,
19938,
19939,
19940,
19941,
19945,
19949,
19954,
19962,
19973,
19975,
19977,
19978,
19979,
19980,
19986,
20003,
20004,
20006,
20007,
20045,
20071,
20072,
20073,
20074,
20084,
20087,
20091,
20096,
20098,
20099,
20104,
20115,
20116,
20118,
20119,
20125,
20128,
20130,
20131,
20136,
20138,
20139,
20140,
20141,
20143,
20145,
20146,
20149,
20156,
20162,
20163,
20170,
20172,
20173,
20180,
20182,
20189,
20190,
20191,
20193,
20194,
20195,
20204,
20213,
20219,
20221,
20239,
20240,
20243,
20247,
20251,
20258,
20259,
20268,
20272,
20275,
20279,
20280,
20286,
20287,
20288,
20289,
20292,
20293,
20294,
20296,
20298,
20299,
20307,
20310,
20311,
20312,
20316,
20321,
20345,
20346,
20357,
20358,
20359,
20363,
20402,
20404,
20405,
20406,
20407,
20414,
20418,
20419,
20434,
20438,
20441,
20442,
20443,
20444,
20445,
20446,
20447,
20448,
20451,
20452,
20453,
20454,
20455,
20461,
20476,
20483,
20494,
20496,
20502,
20505,
20506,
20507,
20514,
20523,
20529,
20530,
20533,
20542,
20549,
20552,
20558,
20560,
20567,
20568,
20569,
20580,
20581,
20586,
20589,
20594,
20596,
20598,
20599,
20609,
20615,
20616,
20618,
20620,
20627,
20634,
20636,
20638,
20639,
20640,
20644,
20647,
20651,
20665,
20666,
20667,
20670,
20673,
20680,
20685,
20697,
20731,
20732,
20736,
20738,
20741,
20743,
20746,
20752,
20758,
20769,
20773,
20785,
20786,
20801,
20806,
20811,
20820,
20821,
20824,
20825,
20827,
20833,
20834,
20840,
20841,
20842,
20843,
20844,
20855,
20865,
20866,
20867,
20868,
20875,
20883,
20888,
20896,
20898,
20899,
20904,
20906,
20910,
20922,
20925,
20926,
20929,
20933,
20939,
20940,
20941,
20952,
20962,
20967,
20969,
20973,
20987,
20989,
20994,
20998,
21001,
21002,
21004,
21005,
21006,
21007,
21013,
21020,
21023,
21024,
21025,
21026,
21027,
21066,
21073,
21074,
21075,
21086,
21089,
21093,
21095,
21098,
21104,
21107,
21121,
21133,
21140,
21141,
21145,
21146,
21147,
21148,
21150,
21161,
21168,
21172,
21173,
21175,
21176,
21180,
21185,
21187,
21194,
21195,
21196,
21197,
21199,
21200,
21202,
21207,
21208,
21224,
21225,
21227,
21233,
21241,
21245,
21249,
21255,
21265,
21267,
21269,
21272,
21277,
21278,
21279,
21280,
21281,
21285,
21286,
21290,
21291,
21301,
21303,
21309,
21313,
21314,
21318,
21319,
21321,
21322,
21324,
21325,
21326,
21328,
21329,
21333,
21344,
21346,
21355,
21371,
21372,
21373,
21374,
21375,
21376,
21379,
21380,
21381,
21382,
21383,
21384,
21385,
21387,
21388,
21389,
21390,
21394,
21395,
21397,
21398,
21399,
21400,
21401,
21412,
21415,
21418,
21421,
21431,
21432,
21435,
21440,
21443,
21444,
21451,
21452,
21458,
21470,
21471,
21472,
21478,
21489,
21493,
21497,
21504,
21510,
21512,
21526,
21527,
21528,
21530,
21536,
21537,
21538,
21539,
21540,
21545,
21547,
21550,
21551,
21563,
21564,
21570,
21571,
21572,
21573,
21574,
21575,
21578,
21579,
21590,
21592,
21597,
21608,
21619,
21623,
21633,
21641,
21650,
21651,
21667,
21680,
21682,
21687,
21691,
21692,
21693,
21694,
21695,
21696,
21697,
21698,
21699,
21700,
21702,
21704,
21710,
21711,
21724,
21729,
21730,
21749,
21755,
21756,
21767,
21768,
21769,
21774,
21775,
21788,
21799,
21800,
21808,
21812,
21815,
21817,
21818,
21819,
21820,
21821,
21823,
21836,
21837,
21838,
21845,
21851,
21853,
21872,
21873,
21898,
21900,
21910,
21911,
21915,
21923,
21928,
21935,
21939,
21941,
21942,
21943,
21945,
21952,
21953,
21954,
21955,
21956,
21959,
21961,
21969,
21976,
21985,
21986,
21988,
21989,
21994,
21996,
21998,
22002,
22003,
22004,
22024,
22031,
22032,
22033,
22034,
22053,
22054,
22057,
22058,
22059,
22060,
22062,
22064,
22065,
22066,
22073,
22076,
22079,
22081,
22087,
22094,
22097,
22098,
22102,
22107,
22116,
22121,
22126,
22127,
22128,
22137,
22139,
22152,
22162,
22169,
22175,
22176,
22178,
22185,
22191,
22193,
22194,
22196,
22201,
22202,
22213,
22214,
22215,
22217,
22220,
22257,
22258,
22261,
22265,
22270,
22271,
22272,
22273,
22277,
22289,
22290,
22297,
22308,
22310,
22319,
22322,
22326,
22327,
22332,
22338,
22342,
22345,
22381,
22384,
22385,
22386,
22401,
22408,
22417,
22430,
22437,
22449,
22462,
22464,
22471,
22473,
22479,
22485,
22489,
22507,
22508,
22511,
22512,
22515,
22516,
22517,
22519,
22530,
22533,
22536,
22537,
22538,
22544,
22551,
22571,
22574,
22576,
22578,
22583,
22593,
22600,
22601,
22602,
22603,
22605,
22626,
22636,
22637,
22641,
22642,
22643,
22647,
22648,
22651,
22652,
22654,
22667,
22677,
22679,
22688,
22705,
22719,
22724,
22726,
22727,
22730,
22736,
22737,
22743,
22744,
22745,
22759,
22763,
22765,
22769,
22776,
22785,
22788,
22789,
22792,
22793,
22795,
22797,
22798,
22802,
22814,
22818,
22821,
22830,
22831,
22833,
22837,
22841,
22844,
22846,
22857,
22859,
22867,
22871,
22890,
22892,
22898,
22901,
22906,
22909,
22910,
22911,
22916,
22919,
22920,
22931,
22935,
22940,
22947,
22948,
22949,
22953,
22972,
22973,
22981,
22982,
22985,
22997,
22999,
23000,
23004,
23006,
23010,
23043,
23046,
23055,
23056,
23068,
23080,
23087,
23093,
23094,
23102,
23106,
23108,
23109,
23110,
23112,
23114,
23117,
23128,
23129,
23135,
23138,
23141,
23142,
23143,
23145,
23146,
23149,
23156,
23159,
23169,
23173,
23183,
23188,
23189,
23201,
23204,
23205,
23217,
23224,
23228,
23229,
23230,
23234,
23237,
23245,
23247,
23248,
23253,
23255,
23256,
23257,
23258,
23259,
23262,
23263,
23278,
23279,
23280,
23297,
23320,
23325,
23329,
23330,
23335,
23361,
23362,
23363,
23364,
23369,
23370,
23401,
23402,
23406,
23425,
23443,
23444,
23445,
23446,
23448,
23456,
23460,
23461,
23463,
23464,
23466,
23467,
23470,
23474,
23475,
23478,
23481,
23485,
23505,
23506,
23509,
23512,
23513,
23525,
23526,
23528,
23529,
23535,
23536,
23537,
23538,
23542,
23549,
23550,
23551,
23552,
23555,
23556,
23557,
23558,
23567,
23572,
23574,
23579,
23592,
23593,
23600,
23602,
23606,
23612,
23614,
23615,
23617,
23632,
23633,
23638,
23640,
23641,
23642,
23643,
23649,
23654,
23673,
23685,
23688,
23689,
23696,
23709,
23754,
23759,
23762,
23772,
23776,
23777,
23778,
23780,
23781,
23794,
23799,
23801,
23813,
23819,
23832,
23835,
23836,
23837,
23841,
23849,
23852,
23858,
23860,
23861,
23865,
23867,
23874,
23875,
23876,
23878,
23881,
23882,
23900,
23902,
23906,
23915,
23926,
23927,
23937,
23940,
23941,
23943,
23944,
23952,
23957,
23969,
23972,
23982,
23984,
23988,
23989,
23993,
23995,
24003,
24010,
24019,
24021,
24025,
24030,
24043,
24058,
24060,
24069,
24075,
24079,
24080,
24083,
24086,
24091,
24093,
24094,
24097,
24099,
24100,
24101,
24108,
24109,
24110,
24113,
24114,
24127,
24128,
24143,
24145,
24146,
24149,
24150,
24151,
24158,
24159,
24163,
24178,
24180,
24196,
24197,
24210,
24215,
24222,
24231,
24236,
24237,
24238,
24239,
24241,
24243,
24252,
24257,
24264,
24265,
24267,
24280,
24286,
24288,
24289,
24290,
24292,
24295,
24297,
24302,
24303,
24304,
24305,
24306,
24308,
24311,
24319,
24320,
24323,
24337,
24338,
24356,
24361,
24370,
24371,
24375,
24376,
24385,
24386,
24387,
24388,
24389,
24390,
24393,
24394,
24396,
24397,
24402,
24403,
24404,
24409,
24416,
24426,
24436,
24441,
24442,
24449,
24453,
24454,
24458,
24460,
24466,
24471,
24472,
24474,
24475,
24478,
24480,
24485,
24486,
24487,
24488,
24492,
24497,
24501,
24507,
24510,
24528,
24536,
24539,
24544,
24545,
24557,
24560,
24568,
24574,
24575,
24576,
24577,
24580,
24584,
24586,
24590,
24592,
24593,
24604,
24611,
24612,
24619,
24620,
24621,
24631,
24640,
24642,
24650,
24658,
24668,
24669,
24671,
24682,
24685,
24687,
24691,
24692,
24693,
24694,
24707,
24724,
24725,
24728,
24732,
24733,
24734,
24736,
24738,
24739,
24742,
24754,
24758,
24761,
24767,
24774,
24784,
24786,
24787,
24790,
24792,
24793,
24794,
24800,
24801,
24802,
24807,
24808,
24813,
24824,
24828,
24833,
24838,
24839,
24845,
24852,
24861,
24863,
24864,
24876,
24889,
24894,
24897,
24904,
24905,
24909,
24910,
24912,
24914,
24916,
24931,
24938,
24941,
24948,
24950,
24973,
24974,
24979,
24981,
24982,
24987,
24988,
24989,
24999,
25004,
25026,
25027,
25029,
25033,
25034,
25036,
25068,
25069,
25070,
25071,
25076,
25078,
25088,
25092,
25094,
25095,
25096,
25097,
25099,
25106,
25110,
25131,
25132,
25137,
25154,
25157,
25169,
25173,
25174,
25175,
25178,
25186,
25187,
25209,
25211,
25212,
25213,
25217,
25219,
25223,
25227,
25228,
25229,
25230,
25246,
25256,
25290,
25291,
25292,
25293,
25303,
25309,
25317,
25320,
25329,
25333,
25334,
25346,
25382,
25390,
25404,
25417,
25420,
25422,
25423,
25424,
25425,
25426,
25428,
25440,
25441,
25442,
25451,
25463,
25465,
25472,
25478,
25479,
25486,
25500,
25501,
25502,
25503,
25504,
25509,
25510,
25511,
25515,
25520,
25523,
25524,
25535,
25536,
25547,
25548,
25549,
25552,
25562,
25576,
25577,
25578,
25592,
25605,
25610,
25611,
25613,
25614,
25615,
25616,
25617,
25628,
25634,
25635,
25636,
25638,
25645,
25646,
25647,
25653,
25664,
25670,
25689,
25701,
25711,
25712,
25722,
25724,
25726,
25727,
25730,
25731,
25732,
25741,
25742,
25743,
25744,
25745,
25748,
25749,
25751,
25756,
25757,
25758,
25759,
25762,
25765,
25766,
25772,
25775,
25782,
25789,
25792,
25796,
25811,
25812,
25814,
25819,
25824,
25825,
25826,
25827,
25832,
25841,
25842,
25843,
25847,
25861,
25871,
25873,
25879,
25880,
25897,
25898,
25929,
25930,
25935,
25942,
25943,
25945,
25949,
25952,
25955,
25960,
25967,
25969,
25971,
25972,
25974,
25983,
25986,
25988,
25990,
25992,
25993,
26002,
26003,
26022,
26044,
26052,
26055,
26061,
26064,
26066,
26067,
26070,
26076,
26077,
26083,
26088,
26097,
26108,
26109,
26110,
26120,
26132,
26133,
26141,
26164,
26177,
26178,
26185,
26186,
26187,
26188,
26192,
26201,
26235,
26242,
26244,
26245,
26246,
26258,
26260,
26267,
26275,
26281,
26287,
26301,
26311,
26312,
26319,
26323,
26324,
26340,
26379,
26384,
26394,
26410,
26412,
26421,
26422,
26448,
26453,
26463,
26470,
26475,
26483,
26485,
26486,
26487,
26493,
26495,
26507,
26508,
26518,
26530,
26544,
26545,
26546,
26565,
26571,
26573,
26575,
26581,
26585,
26590,
26591,
26594,
26595,
26602,
26606,
26613,
26615,
26618,
26626,
26628,
26632,
26633,
26634,
26640,
26642,
26651,
26665,
26671,
26672,
26673,
26675,
26677,
26679,
26689,
26695,
26731,
26736,
26737,
26738,
26740,
26751,
26752,
26774,
26787,
26788,
26791,
26797,
26800,
26803,
26806,
26809,
26818,
26821,
26822,
26828,
26840,
26842,
26858,
26860,
26862,
26865,
26868,
26874,
26878,
26901,
26902,
26903,
26917,
26921,
26925,
26953,
26959,
26962,
27002,
27009,
27029,
27050,
27059,
27065,
27069,
27076,
27110,
27114,
27115,
27122,
27124,
27127,
27137,
27156,
27162,
27195,
27202,
27236,
27242,
27248,
27265,
27270,
27284,
27295,
27297,
27305,
27310,
27311,
27326,
27328,
27336,
27347,
27348,
27358,
27360,
27361,
27362,
27363,
27373,
27382,
27383,
27384,
27385,
27386,
27387,
27388,
27389,
27390,
27399,
27404,
27409,
27420,
27427,
27428,
27444,
27451,
27459,
27465,
27475,
27476,
27483,
27525,
27534,
27541,
27545,
27551,
27554,
27578,
27582,
27588,
27590,
27599,
27601,
27603,
27609,
27611,
27620,
27622,
27633,
27638,
27648,
27649,
27660,
27670,
27671,
27672,
27689,
27690,
27692,
27693,
27694,
27695,
27697,
27698,
27702,
27703,
27729,
27734,
27737,
27748,
27785,
27786,
27808,
27817,
27818,
27819,
27820,
27821,
27822,
27823,
27824,
27825,
27826,
27835,
27851,
27876,
27878,
27882,
27891,
27904,
27907,
27908,
27909,
27910,
27911,
27912,
27913,
27914,
27915,
27916,
27923,
27932,
27940,
27941,
27942,
27943,
27944,
27945,
27953,
27954,
27955,
27956,
27957,
27958,
27959,
27960,
28038,
28039,
28040,
28041,
28043,
28072,
28102,
28140,
28179,
28262,
28264,
28265,
28266,
28269,
28273,
28276,
28283,
28284,
28291,
28292,
28351,
28353,
28355,
28356,
28357,
28374,
28416,
28417,
28418,
28419,
28420,
28421,
28438,
28442,
28454,
28455,
28456,
28469,
28486,
28520,
28522,
28523,
28524,
28525,
28627,
28629,
28630,
28631,
28634,
28660,
28690,
28694,
28695,
28698,
28699,
28700,
28704,
28705,
28711,
28712,
28713,
28714,
28715,
28716,
28717,
28775,
28778,
28794,
28795,
28796,
28797,
28798,
28800,
28801,
28802,
28803,
28814,
28816,
28822,
28823,
28824,
28825,
28826,
28827,
28828,
28829,
28830,
28831,
28832,
28833,
28834,
28835,
28836,
28837,
28838,
28839,
28840,
28841,
28842,
28843,
28844,
28845,
28846,
28847,
28848,
28849,
28850,
28851,
28852,
28853,
28854,
28855,
28856,
28857,
28858,
28884,
28986,
28987,
28988,
28991,
28992,
28993,
28994,
28995,
28996,
28997,
28998,
28999,
29000,
29001,
29002,
29003,
29004,
29005,
29006,
29007,
29008,
29009,
29010,
29011,
29012,
29013,
29014,
29070,
29071,
29072,
29077,
29079,
29080,
29081,
29087,
29088,
29089,
29090,
29100,
29101,
29102,
29103,
29104,
29105,
29106,
29107,
29108,
29109,
29110,
29111,
29112,
29113,
29114,
29115,
29116,
29117,
29118,
29119,
29120,
29125,
29129,
29131,
29139,
29143,
29151,
29152,
29154,
29164,
29189,
29199,
29203,
29204,
29219,
29220,
29221,
29222,
29236,
29238,
29239,
29244,
29245,
29246,
29251,
29252,
29258,
29310,
29400,
29401,
29403,
29441,
29446,
29447,
29448,
29449,
29518,
29519,
29530,
29540,
29544,
29545,
29546,
29562,
29565,
29566,
29567,
29568,
29569,
29570,
29571,
29572,
29573,
29574,
29575,
29576,
29577,
29578,
29579,
29580,
29581,
29582,
29583,
29584,
29586,
29590,
29611,
29612,
29613,
29614,
29615,
29621,
29623,
29624,
29625,
29630,
29632,
29637,
29640,
29680,
29734,
29747,
29830,
29903,
29905,
29906,
29907,
29908,
29912,
29915,
29929,
29934,
29935,
29936,
29937,
29938,
29939,
29945,
29946,
29957,
29958,
29983,
29984,
29985,
29993,
29994,
29995,
29996,
29997,
29998,
29999,
30000,
30001,
30002,
30003,
30004,
30005,
30006,
30007,
30008,
30009,
30019,
30020,
30021,
30022,
30029,
30046,
30047,
30048,
30049,
30050,
30051,
30052,
30053,
30054,
30055,
30056,
30057,
30058,
30059,
30060,
30064,
30170,
30182,
30183,
30186,
30187,
30205,
30208,
30209,
30247,
30248,
30249,
30250,
30251,
30252,
30253,
30254,
30259,
30276,
30277,
30282,
30283,
30284,
30285,
30286,
30287,
30292,
30294,
30295,
30305,
30306,
30307,
30308,
30310,
30311,
30315,
30332,
30336,
30337,
30338,
30339,
30340,
30376,
30379,
30382,
30383,
30384,
30408,
30409,
30446,
30450,
30462,
30464,
30472,
30521,
30523,
30525,
30526,
30527,
30606,
30607,
30609,
30615,
30619,
30620,
30621,
30628,
30629,
30630,
30634,
30635,
30639,
30643,
30721,
30722,
30723,
30724,
30725,
30726,
30727,
30729,
30735,
30738,
30739,
30740,
30741,
30742,
30743,
30744,
30745,
30747,
30749,
30796,
30799,
30802,
30812,
30897,
30898,
30899,
30900,
30909,
30910,
30911,
30912,
30913,
30914,
30915,
30916,
30917,
30918,
30919,
30920,
30921,
30922,
30923,
30924,
30925,
30928,
30929,
30930,
30931,
30942,
30945,
30948,
30962,
30997,
31004,
31019,
31039,
31040,
31041,
31046,
31047,
31048,
31051,
31053,
31054,
31062,
31063,
31064,
31065,
31066,
31098,
31099,
31103,
31104,
31106,
31110,
31121,
31122,
31124,
31125,
31126,
31127,
31139,
31140,
31141,
31144,
31145,
31146,
31147,
31148,
31149,
31150,
31151,
31152,
31153,
31154,
31155,
31156,
31157,
31158,
31159,
31160,
31161,
31162,
31163,
31164,
31165,
31166,
31167,
31168,
31169,
31170,
31171,
31172,
31173,
31232,
31233,
31235,
31246,
31251,
31252,
31253,
31254,
31335,
31336,
31337,
31338,
31339,
31342,
31343,
31344,
31345,
31346,
31347,
31348,
31350,
31351,
31352,
31355,
31356,
31357,
31358,
31359,
31360,
31361,
31372,
31390,
31391,
31421,
31422,
31424,
31440,
31444,
31445,
31451,
31452,
31453,
31454,
31455,
31456,
31457,
31458,
31466,
31467,
31468,
31469,
31470,
31471,
31472,
31473,
31474,
31475,
31476,
31477,
31478,
31479,
31480,
31481,
31482,
31483,
31484,
31485,
31486,
31487,
31488,
31489,
31490,
31491,
31492,
31493,
31494,
31495,
31496,
31497,
31498,
31499,
31500,
31501,
31502,
31503,
31504,
31505,
31506,
31507,
31508,
31509,
31510,
31511,
31512,
31513,
31514,
31515,
31516,
31517,
31518,
31519,
31520,
31521,
31522,
31523,
31524,
31525,
31526,
31527,
31528,
31529,
31530,
31531,
31532,
31533,
31534,
31610,
31611,
31612,
31614,
31616,
31619,
31645,
31666,
31669,
31672,
31673,
31674,
31675,
31676,
31677,
31678,
31679,
31680,
31681,
31682,
31683,
31684,
31685,
31686,
31687,
31688,
31711,
31718,
31738,
31742,
31746,
31748,
31749,
31751,
31756,
31757,
31759,
31761,
31763,
31802,
31805,
31809,
31810,
31811,
31812,
31813,
31814,
31815,
31821,
31822,
31824,
31825,
31826,
31827,
31828,
31829,
31830,
31831,
31832,
31833,
31834,
31835,
31836,
31838,
31839,
31840,
31841,
31842,
31843,
31844,
31845,
31846,
31962,
31963,
31964,
31965,
31966,
31967,
31968,
31969,
31970,
31971,
31972,
31974,
31975,
31976,
31977,
31978,
31979,
31980,
32003,
32006,
32007,
32022,
32027,
32033,
32048,
32050,
32051,
32115,
32120,
32122,
32126,
32127,
32128,
32129,
32130,
32131,
32132,
32133,
32134,
32135,
32162,
32167,
32168,
32169,
32184,
32186,
32188,
32241,
32242,
32281,
32282,
32283,
32284,
32287,
32290,
32298,
32299,
32300,
32307,
32308,
32310,
32373,
32374,
32377,
32408,
32409,
32410,
32411,
32412,
32413,
32414,
32415,
32416,
32417,
32418,
32419,
32420,
32421,
32422,
32423,
32424,
32433,
32434,
32435,
32436,
32437,
32438,
32439,
32440,
32441,
32442,
32443,
32444,
32445,
32446,
32447,
32448,
32449,
32450,
32451,
32476,
32477,
32485,
32486,
32487,
32495,
32498,
32499,
32537,
32538,
32539,
32540,
32541,
32542,
32543,
32544,
32545,
32546,
32547,
32548,
32549,
32550,
32554,
32565,
32577,
32578,
32600,
32611,
32616,
32626,
32627,
32628,
32630,
32631,
32634,
32636,
32640,
32751,
32753,
32754,
32755,
32756,
32758,
32759,
32760,
32761,
32762,
32763,
32764,
32765,
32766,
32767,
32768,
32769,
32770,
32771,
32772,
32773,
32774,
32775,
32776,
32777,
32778,
32779,
32781,
32787,
32801,
32802,
32803,
32804,
32805,
32806,
32807,
32808,
32809,
32810,
32811,
32812,
32813,
32814,
32815,
32816,
32817,
32818,
32819,
32820,
32821,
32822,
32823,
32824,
32825,
32826,
32827,
32837,
32838,
32839,
32840,
32844,
32867,
32872,
32875,
32903,
32908,
32911,
32914,
32917,
32921,
32923,
32925,
32933,
32934,
32941,
32942,
32943,
32944,
32945,
32946,
32947,
32948,
33001,
33002,
33006,
33009,
33010,
33076,
33077,
33078,
33087,
33103,
33108,
33115,
33116,
33172,
33174,
33175,
33176,
33177,
33178,
33179,
33180,
33181,
33182,
33183,
33184,
33185,
33189,
33190,
33191,
33211,
33218,
33231,
33241,
33242,
33243,
33245,
33246,
33262,
33270,
33276,
33278,
33280,
33309,
33310,
33331,
33332,
33333,
33334,
33336,
33337,
33338,
33339,
33340,
33341,
33342,
33343,
33344,
33345,
33346,
33347,
33348,
33349,
33350,
33351,
33352,
33353,
33354,
33355,
33356,
33357,
33358,
33359,
33360,
33361,
33362,
33363,
33364,
33365,
33366,
33367,
33368,
33369,
33370,
33371,
33372,
33373,
33374,
33375,
33376,
33377,
33378,
33379,
33380,
33381,
33382,
33383,
33384,
33385,
33388,
33397,
33508,
33515,
33520,
33522,
33523,
33555,
33556,
33557,
33558,
33559,
33560,
33561,
33562,
33563,
33564,
33567,
33568,
33569,
33570,
33583,
33585,
33589,
33621,
33647,
33649,
33655,
33656,
33660,
33668,
33669,
33671,
33672,
33673,
33687,
33688,
33690,
33691,
33692,
33710,
33713,
33727,
33728,
33736,
33775,
33828,
33833,
33834,
33835,
33836,
33842,
33930,
33939,
33940,
33941,
33950,
33951,
33952,
33953,
33954,
33955,
33956,
33957,
33958,
33959,
33961,
33966,
33972,
33977,
33978,
33979,
33982,
34011,
34012,
34013,
34018,
34026,
34027,
34029,
34037,
34041,
34044,
34046,
34047,
34078,
34079,
34090,
34091,
34094,
34101,
34207,
34252,
34255,
34263,
34276,
34279,
34284,
34285,
34286,
34287,
34288,
34289,
34290,
34294,
34305,
34311,
34312,
34313,
34314,
34315,
34316,
34319,
34330,
34331,
34332,
34352,
34354,
34359,
34360,
34361,
34362,
34363,
34364,
34365,
34366,
34367,
34368,
34369,
34370,
34371,
34372,
34373,
34374,
34375,
34376,
34377,
34378,
34379,
34380,
34381,
34382,
34383,
34384,
34385,
34386,
34387,
34388,
34389,
34390,
34391,
34392,
34393,
34394,
34395,
34396,
34400,
34401,
34402,
34403,
34404,
34405,
34438,
34449,
34459,
34469,
34483,
34484,
34485,
34486,
34487,
34488,
34489,
34490,
34491,
34492,
34540,
34541,
34544,
34545,
34549,
34553,
34554,
34559,
34579,
34580,
34581,
34591,
34593,
34595,
34596,
34597,
34598,
34599,
34600,
34601,
34602,
34603,
34604,
34605,
34606,
34607,
34608,
34609,
34613,
34614,
34616,
34617,
34618,
34619,
34620,
34673,
34674,
34676,
34677,
34701,
34702,
34722,
34723,
34727,
34728,
34729,
34744,
34745,
34746,
34747,
34748,
34749,
34750,
34751,
34752,
34753,
34754,
34755,
34756,
34757,
34758,
34759,
34760,
34761,
34762,
34763,
34764,
34765,
34766,
34767,
34768,
34769,
34770,
34771,
34772,
34773,
34774,
34775,
34776,
34777,
34778,
34779,
34780,
34781,
34813,
34814,
34815,
34816,
34883,
34895,
34905,
34906,
34907,
34908,
34909,
34910,
34911,
34912,
34913,
34914,
34915,
34916,
34917,
34918,
34919,
34920,
34921,
34922,
34925,
34927,
34934,
34937,
34938,
34939,
34941,
34943,
34944,
34966,
34967,
34968,
34969,
34970,
34971,
34972,
34973,
34974,
34975,
34976,
34977,
34981,
34982,
34983,
34984,
34985,
34986,
34987,
34988,
34989,
34990,
34991,
34994,
35001,
35040,
35062,
35127,
35133,
35134,
35135,
35136,
35142,
35147,
35149,
35162,
35163,
35166,
35199,
35200,
35201,
35204,
35205,
35206,
35219,
35228,
35229,
35230,
35231,
35232,
35233,
35235,
35239,
35247,
35258,
35265,
35333,
35370,
35371,
35372,
35373,
35374,
35375,
35376,
35377,
35378,
35379,
35380,
35381,
35382,
35383,
35384,
35385,
35386,
35387,
35388,
35389,
35390,
35391,
35392,
35393,
35394,
35395,
35396,
35401,
35460,
35485,
35486,
35488,
35489,
35491,
35493,
35494,
35495,
35496,
35497,
35498,
35499,
35500,
35501,
35502,
35503,
35504,
35505,
35506,
35507,
35508,
35509,
35510,
35511,
35512,
35513,
35517,
35518,
35519,
35520,
35521,
35522,
35523,
35524,
35525,
35530,
35536,
35537,
35540,
35543,
35588,
35618,
35636,
35664,
35667,
35675,
35679,
35684,
35690,
35692,
35754,
35759,
35760,
35792,
35797,
35798,
35805,
35828,
35830,
35833,
35837,
35843,
35863,
35865,
35866,
35867,
35868,
35871,
35873,
35874,
35909,
35916,
35917,
35918,
35919,
35920,
35921,
35922,
35923,
35924,
35925,
35926,
35927,
35928,
35929,
35930,
35931,
35932,
35938,
35939,
35940,
35971,
36003,
36013,
36029,
36030,
36031,
36032,
36033,
36034,
36035,
36036,
36037,
36038,
36039,
36040,
36041,
36042,
36043,
36045,
36046,
36088,
36089,
36090,
36100,
36117,
36128,
36159,
36175,
36179,
36181,
36182,
36183,
36187,
36188,
36189,
36202,
36204,
36205,
36206,
36238,
36241,
36244,
36245,
36246,
36247,
36248,
36249,
36250,
36251,
36252,
36253,
36254,
36255,
36256,
36257,
36258,
36259,
36260,
36263,
36279,
36283,
36285,
36286,
36287,
36289,
36295,
36296,
36298,
36299,
36346,
36355,
36357,
36358,
36359,
36361,
36369,
36378,
36379,
36380,
36381,
36388,
36394,
36471,
36472,
36473,
36474,
36475,
36476,
36477,
36478,
36479,
36480,
36481,
36482,
36493,
36497,
36501,
36503,
36573,
36581,
36605,
36609,
36615,
36619,
36625,
36633,
36634,
36635,
36636,
36637,
36638,
36643,
36644,
36645,
36646,
36647,
36648,
36649,
36650,
36656,
36664,
36681,
36683,
36686,
36698,
36699,
36702,
36706,
36708,
36709,
36710,
36711,
36716,
36717,
36720,
36721,
36723,
36745,
36769,
36770,
36771,
36774,
36775,
36784,
36785,
36786,
36787,
36788,
36789,
36790,
36791,
36792,
36793,
36794,
36795,
36796,
36797,
36798,
36799,
36800,
36818,
36819,
36820,
36821,
36822,
36825,
36827,
36835,
36886,
36900,
36901,
36912,
36913,
36914,
36915,
36916,
36917,
36918,
36919,
36920,
36921,
36922,
36923,
36924,
36925,
36926,
36927,
36928,
36929,
36930,
36934,
36936,
36937,
36938,
36939,
36941,
36942,
36943,
36945,
36946,
36953,
36954,
36957,
36958,
36961,
36962,
36963,
36964,
36965,
36966,
36967,
36968,
36969,
36970,
36973,
36975,
36989,
36990,
36996,
36997,
37000,
37042,
37043,
37044,
37045,
37046,
37053,
37056,
37057,
37058,
37059,
37060,
37061,
37062,
37063,
37064,
37065,
37066,
37067,
37071,
37072,
37073,
37074,
37075,
37076,
37077,
37078,
37079,
37080,
37081,
37082,
37083,
37084,
37085,
37086,
37087,
37088,
37089,
37090,
37091,
37092,
37093,
37094,
37095,
37096,
37097,
37098,
37099,
37100,
37101,
37102,
37117,
37118,
37124,
37125,
37133,
37184,
37191,
37192,
37195,
37196,
37202,
37203,
37204,
37205,
37206,
37207,
37208,
37209,
37210,
37211,
37212,
37213,
37214,
37215,
37216,
37217,
37223,
37224,
37244,
37245,
37246,
37248,
37267,
37270,
37271,
37272,
37273,
37274,
37277,
37278,
37279,
37281,
37304,
37318,
37333,
37334,
37335,
37336,
37337,
37338,
37339,
37341,
37394,
37396,
37401,
37408,
37429,
37450,
37503,
37504,
37505,
37506,
37511,
37516,
37518,
37519,
37520,
37526,
37567,
37569,
37575,
37576,
37588,
37589,
37590,
37596,
37598,
37599,
37600,
37601,
37602,
37603,
37605,
37619,
37621,
37622,
37623,
37624,
37625,
37626,
37627,
37641,
37642,
37646,
37647,
37648,
37649,
37650,
37676,
37677,
37678,
37685,
37686,
37687,
37688,
37689,
37690,
37691,
37695,
37696,
37697,
37698,
37704,
37710,
37712,
37713,
37714,
37715,
37716,
37717,
37718,
37719,
37720,
37721,
37722,
37723,
37724,
37725,
37726,
37727,
37730,
37740,
37741,
37748,
37749,
37751,
37760,
37761,
37763,
37764,
37765,
37766,
37767,
37768,
37769,
37770,
37771,
37772,
37773,
37774,
37775,
37776,
37777,
37797,
37798,
37803,
37806,
37807,
37813,
37814,
37818,
37852,
37856,
37857,
37858,
37859,
37860,
37861,
37862,
37863,
37867,
37873,
37880,
37885,
37892,
37893,
37894,
37895,
37896,
37897,
37898,
37899,
37900,
37901,
37902,
37903,
37904,
37905,
37906,
37907,
37908,
37909,
37910,
37911,
37912,
37913,
37914,
37915,
37916,
37917,
37918,
37919,
37920,
37921,
37922,
37923,
37924,
37925,
37927,
37932,
37933,
37934,
37935,
37936,
37937,
37942,
37943,
37951,
37952,
37953,
37954,
37955,
37956,
37957,
37958,
37959,
37960,
37961,
37962,
37963,
37964,
37965,
37966,
37967,
37968,
37969,
37970,
37971,
37972,
37973,
37995,
37996,
37997,
37998,
37999,
38000,
38001,
38002,
38003,
38004,
38005,
38006,
38013,
38046,
38054,
38059,
38160,
38161,
38162,
38163,
38164,
38165,
38166,
38167,
38168,
38169,
38170,
38171,
38172,
38174,
38179,
38180,
38181,
38182,
38183,
38184,
38185,
38186,
38187,
38188,
38189,
38190,
38191,
38192,
38193,
38194,
38195,
38198,
38201,
38202,
38204,
38205,
38206,
38207,
38208,
38209,
38210,
38211,
38212,
38213,
38214,
38215,
38216,
38217,
38218,
38219,
38220,
38221,
38222,
38231,
38237,
38238,
38242,
38243,
38256,
38262,
38263,
38265,
38268,
38271,
38273,
38311,
38312,
38313,
38314,
38315,
38316,
38318,
38351,
38367,
38375,
38377,
38378,
38427,
38455,
38463,
38465,
38468,
38469,
38505,
38512,
38513,
38519,
38520,
38521,
38522,
38523,
38524,
38525,
38526,
38527,
38528,
38529,
38530,
38531,
38535,
38536,
38537,
38538,
38539,
38540,
38541,
38542,
38543,
38544,
38545,
38546,
38547,
38548,
38549,
38551,
38568,
38584,
38586,
38588,
38592,
38594,
38605,
38610,
38642,
38647,
38648,
38649,
38650,
38651,
38670,
38671,
38672,
38673,
38674,
38711,
38718,
38721,
38722,
38723,
38724,
38725,
38754,
38756,
38762,
38822,
38829,
38830,
38831,
38832,
38833,
38834,
38838,
38891,
38892,
38905,
38965,
38966,
38967,
38969,
38978,
38994,
39001,
39012,
39013,
39014,
39015,
39016,
39017,
39018,
39019,
39020,
39021,
39022,
39023,
39024,
39025,
39026,
39027,
39028,
39032,
39033,
39034,
39035,
39045,
39047,
39048,
39049,
39050,
39061,
39072,
39079,
39085,
39087,
39093,
39094,
39095,
39096,
39097,
39098,
39099,
39100,
39101,
39102,
39103,
39104,
39105,
39106,
39107,
39108,
39109,
39110,
39111,
39112,
39113,
39114,
39115,
39116,
39117,
39118,
39119,
39120,
39121,
39122,
39123,
39124,
39125,
39126,
39127,
39128,
39129,
39130,
39131,
39132,
39133,
39134,
39135,
39136,
39137,
39138,
39139,
39140,
39141,
39142,
39143,
39144,
39145,
39146,
39149,
39154,
39155,
39166,
39197,
39198,
39199,
39200,
39201,
39217,
39221,
39223,
39248,
39249,
39250,
39251,
39276,
39277,
39278,
39279,
39280,
39304,
39305,
39307,
39308,
39309,
39319,
39328,
39329,
39333,
39348,
39354,
39355,
39356,
39357,
39358,
39359,
39370,
39373,
39389,
39390,
39394,
39395,
39396,
39397,
39398,
39399,
39400,
39401,
39402,
39403,
39404,
39405,
39406,
39407,
39408,
39409,
39410,
39411,
39412,
39413,
39414,
39415,
39416,
39417,
39418,
39419,
39420,
39421,
39422,
39423,
39424,
39425,
39426,
39427,
39428,
39429,
39430,
39431,
39432,
39433,
39434,
39435,
39436,
39437,
39438,
39439,
39440,
39441,
39442,
39445,
39446,
39447,
39469,
39470,
39471,
39472,
39473,
39474,
39475,
39476,
39477,
39478,
39479,
39480,
39481,
39482,
39483,
39484,
39485,
39486,
39487,
39488,
39489,
39490,
39491,
39492,
39493,
39494,
39495,
39496,
39497,
39498,
39499,
39566,
39567,
39568,
39569,
39570,
39571,
39572,
39573,
39575,
39579,
39580,
39591,
39592,
39596,
39597,
39598,
39599,
39600,
39607,
39608,
39631,
39632,
39633,
39634,
39635,
39636,
39637,
39638,
39642,
39645,
39677,
39679,
39682,
39704,
39707,
39709,
39710,
39711,
39713,
39714,
39715,
39725,
39739,
39743,
39747,
39752,
39756,
39786,
39845,
39860,
39868,
39919,
39920,
39921,
39922,
39923,
39932,
39936,
39939,
39941,
39943,
39974,
39976,
39977,
39980,
39981,
39982,
39983,
39984,
39985,
39986,
39987,
39988,
39989,
39990,
39991,
39992,
39993,
39994,
39995,
39996,
39997,
39998,
39999,
40000,
40001,
40002,
40003,
40004,
40005,
40006,
40007,
40008,
40009,
40010,
40011,
40012,
40013,
40019,
40023,
40031,
40032,
40043,
40060,
40061,
40063,
40064,
40065,
40066,
40067,
40068,
40069,
40070,
40071,
40111,
40112,
40113,
40114,
40115,
40116,
40117,
40118,
40119,
40120,
40121,
40122,
40123,
40124,
40125,
40126,
40127,
40128,
40129,
40130,
40131,
40132,
40133,
40134,
40135,
40136,
40137,
40138,
40139,
40140,
40142,
40154,
40161,
40167,
40177,
40181,
40189,
40195,
40202,
40213,
40215,
40232,
40233,
40236,
40254,
40272,
40273,
40284,
40285,
40289,
40347,
40348,
40349,
40350,
40351,
40352,
40353,
40354,
40355,
40356,
40357,
40358,
40359,
40360,
40361,
40362,
40363,
40366,
40370,
40372,
40374,
40393,
40398,
40400,
40401,
40402,
40409,
40417,
40419,
40420,
40424,
40425,
40440,
40444,
40445,
40446,
40449,
40474,
40484,
40503,
40504,
40506,
40510,
40517,
40526,
40531,
40535,
40538,
40542,
40549,
40552,
40553,
40554,
40555,
40556,
40557,
40558,
40559,
40560,
40561,
40562,
40563,
40564,
40565,
40566,
40569,
40583,
40584,
40585,
40586,
40587,
40588,
40589,
40590,
40598,
40602,
40603,
40604,
40607,
40608,
40609,
40613,
40615,
40618,
40619,
40620,
40621,
40622,
40623,
40624,
40625,
40626,
40627,
40628,
40629,
40630,
40631,
40632,
40633,
40634,
40635,
40636,
40637,
40638,
40639,
40640,
40641,
40642,
40643,
40662,
40668,
40669,
40670,
40671,
40672,
40673,
40681,
40687,
40690,
40694,
40695,
40702,
40706,
40708,
40710,
40712,
40714,
40715,
40719,
40724,
40728,
40735,
40736,
40737,
40738,
40746,
40747,
40763,
40765,
40766,
40771,
40772,
40782,
40794,
40795,
40796,
40798,
40799,
40800,
40801,
40802,
40804,
40805,
40832,
40838,
40845,
40846,
40847,
40858,
40859,
40860,
40871,
40896,
40897,
40898,
40899,
40908,
40936,
40938,
40939,
40942,
40943,
40944,
40964,
40972,
40973,
40977,
40978,
40979,
40980,
41002,
41008,
41009,
41014,
41015,
41017,
41022,
41026,
41027,
41028,
41029,
41030,
41031,
41032,
41033,
41034,
41035,
41036,
41037,
41038,
41039,
41040,
41041,
41042,
41043,
41044,
41049,
41071,
41072,
41073,
41074,
41075,
41076,
41077,
41078,
41079,
41080,
41081,
41082,
41083,
41084,
41085,
41086,
41087,
41088,
41089,
41090,
41091,
41092,
41098,
41104,
41105,
41116,
41117,
41119,
41120,
41122,
41123,
41129,
41130,
41154,
41155,
41190,
41191,
41203,
41204,
41218,
41219,
41220,
41221,
41222,
41223,
41224,
41225,
41226,
41227,
41228,
41229,
41231,
41232,
41233,
41234,
41242,
41244,
41245,
41246,
41263,
41278,
41279,
41280,
41282,
41284,
41295,
41296,
41297,
41298,
41313,
41314,
41338,
41353,
41355,
41356,
41360,
41367,
41379,
41382,
41421,
41423,
41424,
41434,
41440,
41461,
41462,
41463,
41464,
41465,
41466,
41467,
41468,
41469,
41470,
41471,
41472,
41473,
41474,
41478,
41494,
41496,
41500,
41501,
41502,
41503,
41505,
41511,
41512,
41513,
41514,
41515,
41516,
41517,
41518,
41521,
41549,
41554,
41569,
41571,
41580,
41589,
41592,
41595,
41603,
41611,
41612,
41613,
41614,
41623,
41650,
41654,
41655,
41656,
41659,
41670,
41700,
41711,
41718,
41719,
41720,
41721,
41724,
41725,
41726,
41727,
41728,
41729,
41730,
41731,
41732,
41733,
41734,
41735,
41736,
41737,
41738,
41739,
41740,
41741,
41758,
41759,
41760,
41761,
41765,
41768,
41769,
41791,
41792,
41815,
41816,
41817,
41818,
41819,
41821,
41829,
41830,
41833,
41836,
41837,
41838,
41846,
41849,
41853,
41857,
41859,
41863,
41881,
41888,
41889,
41890,
41891,
41892,
41898,
41909,
41916,
41923,
41950,
41951,
41952,
41953,
41954,
41955,
41956,
41957,
41958,
41959,
41960,
41961,
41962,
41963,
41964,
41965,
41966,
41967,
41968,
41969,
41970,
41987,
41988,
41989,
41990,
41991,
41992,
41993,
41994,
41995,
41996,
41997,
41998,
41999,
42000,
42004,
42012,
42021,
42031,
42049,
42050,
42064,
42067,
42076,
42077,
42078,
42092,
42093,
42096,
42097,
42098,
42099,
42100,
42105,
42107,
42108,
42110,
42111,
42112,
42113,
42123,
42127,
42130,
42137,
42168,
42170,
42178,
42197,
42198,
42231,
42232,
42234,
42237,
42258,
42264,
42265,
42266,
42267,
42268,
42271,
42272,
42273,
42274,
42275,
42276,
42277,
42278,
42280,
42287,
42289,
42302,
42303,
42304,
42307,
42308,
42309,
42310,
42311,
42312,
42313,
42314,
42315,
42316,
42317,
42318,
42319,
42320,
42321,
42322,
42323,
42324,
42325,
42326,
42327,
42328,
42329,
42335,
42338,
42341,
42342,
42348,
42360,
42375,
42376,
42377,
42378,
42385,
42394,
42395,
42401,
42429,
42434,
42440,
42479,
42480,
42481,
42482,
42491,
42503,
42510,
42516,
42517,
42545,
42546,
42547,
42548,
42553,
42554,
42567,
42578,
42579,
42589,
42633,
42634,
42635,
42636,
42637,
42665,
42667,
42668,
42669,
42670,
42671,
42673,
42679,
42680,
42681,
42682,
42696,
42726,
42728,
42729,
42753,
42758,
42759,
42767,
42772,
42773,
42774,
42780,
42781,
42812,
42829,
42833,
42834,
42836,
42837,
42838,
42839,
42840,
42841,
42842,
42843,
42844,
42845,
42846,
42847,
42848,
42849,
42850,
42851,
42852,
42853,
42854,
42855,
42856,
42857,
42867,
42868,
42869,
42870,
42871,
42872,
42886,
42913,
42914,
42924,
42930,
42940,
42970,
42971,
42972,
42973,
42974,
42975,
42976,
42977,
42978,
42979,
42980,
42981,
42982,
42983,
42984,
42985,
43002,
43026,
43027,
43030,
43048,
43052,
43058,
43069,
43071,
43072,
43077,
43083,
43092,
43094,
43096,
43127,
43134,
43136,
43137,
43140,
43142,
43143,
43151,
43176,
43187,
43190,
43192,
43193,
43206,
43240,
43292,
43293,
43299,
43301,
43309,
43356,
43357,
43359,
43360,
43363,
43367,
43368,
43370,
43371,
43391,
43397,
43399,
43403,
43404,
43414,
43419,
43420,
43424,
43433,
43460,
43469,
43474,
43481,
43486,
43489,
43490,
43503,
43504,
43505,
43506,
43507,
43508,
43517,
43525,
43528,
43531,
43539,
43540,
43563,
43568,
43569,
43570,
43571,
43572,
43573,
43574,
43575,
43576,
43577,
43578,
43579,
43580,
43581,
43582,
43589,
43607,
43608,
43609,
43610,
43611,
43612,
43613,
43615,
43616,
43617,
43618,
43620,
43622,
43624,
43626,
43628,
43629,
43630,
43631,
43632,
43633,
43634,
43635,
43636,
43637,
43639,
43656,
43705,
43708,
43709,
43752,
43753,
43756,
43757,
43758,
43759,
43760,
43761,
43762,
43764,
43765,
43766,
43767,
43772,
43773,
43782,
43786,
43793,
43795,
43796,
43801,
43802,
43803,
43804,
43830,
43839,
43843,
43845,
43872,
43879,
43883,
43884,
43891,
43898,
43899,
43902,
43910,
43920,
43921,
43926,
43944,
43961,
43962,
43964,
43968,
43969,
43970,
43971,
43972,
43973,
43985,
43986,
43987,
44076,
44101,
44113,
44114,
44132,
44151,
44155,
44158,
44175,
44209,
44212,
44227,
44235,
44308,
44309,
44314,
44316,
44361,
44367,
44371,
44372,
44373,
44374,
44385,
44386,
44387,
44388,
44389,
44390,
44401,
44402,
44412,
44417,
44432,
44479,
44488,
44489,
44520,
44537,
44554,
44588,
44637,
44638,
44672,
44718,
44719,
44730,
44742,
44744,
44769,
44775,
44787,
44849,
44851,
44874,
44925,
44933,
44941,
44946,
44947,
44957,
44958,
44959,
44960,
44961,
44966,
44967,
45008,
45009,
45012,
45054,
45056,
45057,
45058,
45059,
45062,
45071,
45092,
45115,
45125,
45129,
45142,
45178,
45227,
45228,
45229,
45230,
45231,
45249,
45250,
45259,
45310,
45341,
45364,
45374,
45375,
45376,
45377,
45378,
45385,
45432,
45436,
45443,
45444,
45458,
45499,
45514,
45516,
45517,
45518,
45560,
45600,
45614,
45615,
45628,
45640,
45689,
45694,
45695,
45700,
45731,
45732,
45739,
45748,
45751,
45758,
45765,
45788,
45798,
45812,
45839,
45859,
45860,
45863,
45885,
45886,
45890,
45909,
45966,
45992,
45993,
46000,
46002,
46058,
46059,
46060,
46063,
46064,
46067,
46070,
46071,
46077,
46080,
46108,
46136,
46190,
46194,
46198,
46204,
46215,
46235,
46274,
46321,
46324,
46330,
46335,
46336,
46337,
46338,
46339,
46345,
46346,
46350,
46358,
46373,
46374,
46376,
46381,
46382,
46391,
46393,
46404,
46411,
46431,
46433,
46435,
46439,
46466,
46470,
46471,
46483,
46485,
46487,
46489,
46502,
46512,
46561,
46579,
46590,
46667,
46681,
46682,
46683,
46684,
46685,
46686,
46688,
46689,
46705,
46707,
46708,
46709,
46716,
46725,
46728,
46729,
46733,
46735,
46736,
46754,
46764,
46772,
46784,
46790,
46791,
46798,
46799,
46800,
46801,
46804,
46805,
46808,
46819,
46822,
46825,
46826,
46827,
46829,
46830,
46841,
46843,
46845,
46851,
46884,
46885,
46886,
46888,
46891,
46915,
46918,
46919,
46950,
46959,
46960,
46975,
46976,
46977,
46978,
46979,
46980,
46988,
46992,
46994,
46997,
46998,
47000,
47082,
47083,
47085,
47087,
47088,
47102,
47107,
47108,
47112,
47119,
47126,
47132,
47134,
47138,
47143,
47146,
47153,
47165,
47166,
47167,
47173,
47195,
47211,
47230,
47231,
47242,
47243,
47244,
47260,
47263,
47264,
47265,
47269,
47275,
47276,
47304,
47307,
47309,
47310,
47311,
47312,
47313,
47314,
47315,
47316,
47317,
47318,
47319,
47320,
47321,
47322,
47323,
47324,
47325,
47326,
47327,
47328,
47329,
47330,
47331,
47332,
47333,
47334,
47335,
47336,
47337,
47338,
47339,
47340,
47366,
47399,
47403,
47410,
47423,
47424,
47439,
47442,
47443,
47473,
47476,
47483,
47485,
47501,
47502,
47503,
47504,
47518,
47519,
47523,
47530,
47535,
47541,
47551,
47556,
47557,
47558,
47559,
47582,
47584,
47586,
47587,
47599,
47602,
47608,
47610,
47611,
47641,
47642,
47643,
47644,
47645,
47646,
47647,
47648,
47649,
47650,
47651,
47652,
47653,
47654,
47656,
47657,
47659,
47660,
47661,
47662,
47663,
47664,
47665,
47666,
47667,
47670,
47692,
47703,
47704,
47705,
47706,
47707,
47708,
47709,
47727,
47729,
47731,
47732,
47733,
47734,
47739,
47740,
47742,
47765,
47767,
47770,
47771,
47776,
47777,
47783,
47790,
47792,
47793,
47794,
47796,
47797,
47799,
47806,
47818,
47821,
47831,
47837,
47838,
47861,
47880,
47881,
47909,
47910,
47914,
47920,
47956,
47960,
47972,
47983,
48015,
48022,
48025,
48038,
48045,
48048,
48051,
48055,
48067,
48075,
48094,
48100,
48101,
48120,
48137,
48138,
48139,
48145,
48146,
48147,
48162,
48167,
48188,
48189,
48193,
48195,
48198,
48206,
48208,
48209,
48210,
48217,
48233,
48235,
48237,
48238,
48243,
48244,
48246,
48249,
48256,
48257,
48258,
48263,
48264,
48305,
48318,
48320,
48321,
48322,
48323,
48324,
48325,
48330,
48331,
48332,
48333,
48343,
48346,
48348,
48376,
48380,
48383,
48384,
48392,
48395,
48396,
48397,
48398,
48403,
48404,
48418,
48421,
48424,
48429,
48430,
48431,
48432,
48448,
48449,
48456,
48457,
48465,
48466,
48476,
48477,
48479,
48481,
48482,
48499,
48500,
48507,
48508,
48511,
48514,
48515,
48516,
48517,
48518,
48519,
48536,
48537,
48538,
48546,
48554,
48555,
48558,
48561,
48565,
48571,
48594,
48595,
48596,
48597,
48598,
48599,
48606,
48610,
48611,
48618,
48619,
48620,
48621,
48622,
48625,
48626,
48627,
48628,
48632,
48633,
48638,
48645,
48647,
48648,
48649,
48650,
48651,
48655,
48656,
48657,
48658,
48659,
48660,
48685,
48692,
48702,
48706,
48708,
48709,
48711,
48713,
48718,
48746,
48755,
48756,
48766,
48774,
48775,
48776,
48779,
48780,
48782,
48785,
48788,
48797,
48801,
48814,
48822,
48824,
48826,
48831,
48853,
48854,
48855,
48859,
48861,
48862,
48863,
48864,
48865,
48871,
48877,
48881,
48886,
48887,
48888,
48907,
48914,
48915,
48920,
48921,
48922,
48923,
48924,
48925,
48926,
48933,
48938,
48942,
48945,
48947,
48950,
48954,
48955,
48956,
48957,
48958,
48963,
48964,
48966,
48967,
48968,
48969,
48970,
48972,
48974,
48975,
48976,
48980,
48981,
48982,
48986,
48993,
48994,
48995,
48996,
49010,
49013,
49035,
49036,
49044,
49045,
49048,
49051,
49054,
49058,
49059,
49060,
49061,
49064,
49065,
49067,
49074,
49075,
49076,
49083,
49092,
49094,
49099,
49100,
49115,
49120,
49121,
49122,
49123,
49124,
49144,
49154,
49161,
49162,
49165,
49169,
49171,
49172,
49173,
49174,
49175,
49179,
49181,
49184,
49186,
49189,
49195,
49198,
49204,
49212,
49218,
49225,
49226,
49230,
49233,
49234,
49235,
49236,
49237,
49239,
49240,
49255,
49259,
49264,
49265,
49266,
49269,
49271,
49284,
49286,
49287,
49288,
49291,
49299,
49300,
49312,
49313,
49314,
49329,
49333,
49335,
49341,
49350,
49351,
49368,
49369,
49371,
49374,
49376,
49377,
49386,
49392,
49405,
49408,
49410,
49411,
49412,
49413,
49414,
49415,
49424,
49425,
49426,
49427,
49428,
49429,
49430,
49431,
49432,
49439,
49440,
49443,
49444,
49445,
49446,
49447,
49448,
49452,
49455,
49471,
49472,
49484,
49485,
49486,
49487,
49488,
49489,
49490,
49494,
49495,
49497,
49508,
49511,
49512,
49513,
49541,
49544,
49547,
49555,
49563,
49568,
49572,
49577,
49579,
49586,
49587,
49588,
49589,
49593,
49598,
49604,
49605,
49606,
49609,
49612,
49615,
49620,
49651,
49653,
49654,
49656,
49657,
49658,
49665,
49668,
49669,
49670,
49671,
49672,
49673,
49676,
49689,
49690,
49698,
49700,
49701,
49721,
49722,
49723,
49724,
49725,
49727,
49732,
49733,
49740,
49742,
49743,
49745,
49746,
49750,
49757,
49758,
49762,
49774,
49775,
49776,
49777,
49778,
49779,
49780,
49781,
49783,
49793,
49796,
49797,
49801,
49807,
49808,
49814,
49817,
49819,
49824,
49825,
49826,
49828,
49830,
49836,
49849,
49859,
49863,
49868,
49869,
49876,
49877,
49878,
49879,
49880,
49881,
49882,
49883,
49885,
49896,
49901,
49914,
49916,
49918,
49919,
49920,
49921,
49925,
49926,
49927,
49928,
49929,
49930,
49931,
49932,
49933,
49937,
49938,
49939,
49940,
49942,
49948,
49950,
49987,
49989,
49990,
49993,
49994,
49995,
49997,
49998,
49999,
50005,
50007,
50013,
50014,
50015,
50016,
50017,
50018,
50019,
50020,
50021,
50022,
50030,
50045,
50048,
50051,
50053,
50058,
50068,
50070,
50091,
50097,
50107,
50109,
50111,
50112,
50115,
50117,
50129,
50130,
50134,
50135,
50137,
50138,
50141,
50148,
50149,
50164,
50165,
50166,
50170,
50179,
50180,
50182,
50183,
50185,
50188,
50190,
50195,
50203,
50206,
50207,
50208,
50212,
50215,
50216,
50217,
50218,
50219,
50220,
50221,
50222,
50226,
50230,
50231,
50232,
50233,
50234,
50235,
50237,
50241,
50242,
50243,
50245,
50246,
50247,
50249,
50250,
50252,
50253,
50255,
50257,
50265,
50271,
50272,
50273,
50274,
50275,
50276,
50277,
50278,
50279,
50296,
50297,
50298,
50301,
50302,
50303,
50311,
50312,
50313,
50315,
50316,
50317,
50320,
50321,
50322,
50323,
50327,
50328,
50333,
50337,
50338,
50340,
50342,
50343,
50345,
50346,
50347,
50348,
50366,
50371,
50373,
50375,
50378,
50380,
50381,
50384,
50394,
50405,
50408,
50423,
50428,
50439,
50440,
50441,
50442,
50444,
50448,
50449,
50450,
50451,
50452,
50453,
50456,
50458,
50459,
50478,
50480,
50481,
50483,
50484,
50485,
50486,
50487,
50488,
50489,
50490,
50491,
50492,
50493,
50495,
50500,
50501,
50510,
50511,
50515,
50516,
50518,
50519,
50522,
50523,
50527,
50530,
50531,
50538,
50547,
50548,
50549,
50550,
50551,
50552,
50555,
50556,
50557,
50566,
50567,
50573,
50577,
50584,
50585,
50589,
50590,
50600,
50601,
50605,
50606,
50608,
50610,
50611,
50612,
50613,
50615,
50620,
50621,
50622,
50623,
50629,
50630,
50631,
50632,
50633,
50634,
50635,
50636,
50637,
50638,
50639,
50640,
50671,
50672,
50673,
50674,
50675,
50676,
50680,
50684,
50685,
50690,
50694,
50695,
50696,
50697,
50700,
50712,
50717,
50719,
50726,
50727,
50728,
50729,
50730,
50736,
50739,
50741,
50746,
50748,
50750,
50751,
50753,
50756,
50761,
50781,
50789,
50790,
50795,
50806,
50810,
50811,
50814,
50815,
50825,
50833,
50835,
50836,
50837,
50838,
50840,
50842,
50843,
50844,
50845,
50852,
50853,
50854,
50855,
50856,
50859,
50860,
50862,
50864,
50870,
50877,
50879,
50882,
50891,
50892,
50908,
50909,
50910,
50915,
50918,
50919,
50923,
50924,
50925,
50934,
50947,
50963,
50965,
51007,
51029,
51032,
51041,
51042,
51043,
51044,
51045,
51047,
51054,
51055,
51056,
51057,
51060,
51062,
51064,
51067,
51068,
51073,
51076,
51077,
51089,
51090,
51093,
51095,
51098,
51099,
51108,
51111,
51116,
51119,
51123,
51124,
51125,
51131,
51142,
51143,
51144,
51146,
51147,
51154,
51156,
51174,
51175,
51182,
51186,
51188,
51189,
51190,
51191,
51192,
51193,
51194,
51201,
51203,
51204,
51205,
51214,
51215,
51216,
51217,
51221,
51225,
51226,
51227,
51228,
51229,
51231,
51233,
51235,
51237,
51238,
51239,
51240,
51243,
51246,
51247,
51248,
51249,
51252,
51254,
51255,
51261,
51263,
51268,
51269,
51279,
51281,
51293,
51298,
51299,
51300,
51331,
51332,
51333,
51334,
51335,
51350,
51358,
51372,
51375,
51376,
51377,
51378,
51379,
51380,
51381,
51382,
51391,
51400,
51404,
51408,
51417,
51418,
51424,
51426,
51427,
51431,
51432,
51435,
51442,
51443,
51444,
51447,
51448,
51461,
51462,
51463,
51464,
51465,
51470,
51472,
51484,
51485,
51487,
51488,
51495,
51496,
51497,
51498,
51500,
51502,
51503,
51511,
51512,
51514,
51515,
51516,
51517,
51526,
51527,
51528,
51534,
51535,
51559,
51561,
51562,
51565,
51566,
51567,
51568,
51569,
51570,
51572,
51593,
51594,
51595,
51596,
51597,
51598,
51599,
51600,
51601,
51602,
51603,
51604,
51605,
51606,
51607,
51609,
51611,
51612,
51617,
51618,
51624,
51626,
51628,
51647,
51648,
51649,
51650,
51652,
51653,
51654,
51655,
51664,
51665,
51667,
51668,
51669,
51670,
51673,
51690,
51691,
51692,
51696,
51697,
51698,
51700,
51701,
51702,
51703,
51704,
51705,
51706,
51707,
51710,
51712,
51715,
51716,
51717,
51718,
51719,
51720,
51721,
51723,
51724,
51725,
51726,
51727,
51730,
51734,
51735,
51740,
51749,
51751,
51752,
51753,
51756,
51757,
51760,
51761,
51764,
51765,
51766,
51767,
51768,
51769,
51770,
51777,
51780,
51781,
51785,
51787,
51789,
51790,
51791,
51792,
51793,
51794,
51795,
51796,
51797,
51798,
51799,
51801,
51802,
51803,
51804,
51805,
51814,
51817,
51818,
51826,
51827,
51828,
51829,
51830,
51831,
51833,
51834,
51846,
51847,
51848,
51849,
51850,
51851,
51852,
51853,
51854,
51855,
51874,
51881,
51882,
51887,
51901,
51908,
51910,
51916,
51917,
51918,
51919,
51920,
51921,
51922,
51925,
51942,
51943,
51944,
51951,
51956,
51969,
51970,
51973,
51975,
51976,
51977,
51978,
51997,
52004,
52005,
52006,
52012,
52013,
52015,
52017,
52018,
52057,
52058,
52059,
52060,
52061,
52063,
52064,
52066,
52075,
52079,
52096,
52098,
52099,
52102,
52103,
52104,
52108,
52110,
52111,
52112,
52121,
52122,
52123,
52124,
52125,
52137,
52144,
52145,
52146,
52149,
52153,
52154,
52155,
52158,
52159,
52160,
52161,
52168,
52169,
52170,
52172,
52174,
52175,
52176,
52177,
52178,
52179,
52180,
52181,
52185,
52188,
52189,
52190,
52192,
52195,
52196,
52197,
52198,
52199,
52203,
52204,
52206,
52207,
52211,
52212,
52223,
52224,
52228,
52242,
52246,
52247,
52248,
52252,
52256,
52259,
52264,
52269,
52275,
52276,
52277,
52279,
52283,
52289,
52302,
52303,
52304,
52305,
52311,
52315,
52324,
52325,
52326,
52334,
52335,
52339,
52340,
52344,
52349,
52350,
52352,
52354,
52359,
52371,
52378,
52379,
52380,
52381,
52382,
52383,
52385,
52390,
52392,
52393,
52394,
52395,
52396,
52397,
52412,
52413,
52414,
52415,
52416,
52417,
52418,
52420,
52422,
52423,
52426,
52429,
52430,
52431,
52432,
52433,
52434,
52435,
52436,
52437,
52442,
52454,
52455,
52459,
52460,
52465,
52466,
52473,
52474,
52485,
52504,
52508,
52512,
52519,
52520,
52521,
52522,
52523,
52526,
52531,
52533,
52537,
52552,
52553,
52554,
52555,
52556,
52557,
52558,
52559,
52560,
52561,
52562,
52563,
52564,
52565,
52567,
52568,
52570,
52571,
52572,
52573,
52575,
52576,
52577,
52579,
52580,
52581,
52582,
52585,
52591,
52595,
52600,
52608,
52609,
52615,
52619,
52625,
52635,
52641,
52651,
52653,
52671,
52674,
52677,
52684,
52685,
52687,
52688,
52689,
52692,
52693,
52694,
52696,
52697,
52698,
52703,
52704,
52725,
52729,
52730,
52736,
52749,
52751,
52752,
52757,
52761,
52762,
52764,
52766,
52776,
52778,
52780,
52783,
52785,
52786,
52789,
52794,
52795,
52796,
52797,
52798,
52803,
52804,
52806,
52821,
52823,
52824,
52826,
52827,
52828,
52829,
52833,
52834,
52840,
52843,
52844,
52845,
52846,
52847,
52849,
52850,
52851,
52853,
52877,
52886,
52894,
52906,
52908,
52909,
52910,
52916,
52923,
52924,
52930,
52933,
52934,
52935,
52936,
52937,
52938,
52939,
52940,
52941,
52942,
52943,
52944,
52947,
52948,
52949,
52981,
52992,
52993,
52995,
53001,
53002,
53003,
53004,
53005,
53006,
53008,
53009,
53010,
53011,
53012,
53013,
53025,
53028,
53029,
53033,
53034,
53037,
53038,
53050,
53052,
53067,
53081,
53089,
53093,
53101,
53102,
53103,
53110,
53114,
53116,
53117,
53120,
53121,
53125,
53130,
53131,
53137,
53142,
53147,
53151,
53152,
53159,
53167,
53173,
53181,
53193,
53194,
53195,
53196,
53198,
53199,
53212,
53214,
53215,
53216,
53217,
53240,
53241,
53246,
53249,
53263,
53264,
53265,
53266,
53267,
53268,
53269,
53270,
53272,
53336,
53339,
53341,
53344,
53345,
53346,
53349,
53350,
53351,
53352,
53357,
53358,
53359,
53360,
53361,
53362,
53363,
53364,
53366,
53368,
53376,
53382,
53384,
53385,
53386,
53394,
53404,
53407,
53409,
53411,
53415,
53422,
53426,
53427,
53429,
53430,
53431,
53434,
53437,
53438,
53439,
53442,
53451,
53452,
53453,
53455,
53456,
53460,
53465,
53468,
53476,
53478,
53479,
53490,
53506,
53507,
53510,
53522,
53539,
53546,
53547,
53552,
53553,
53555,
53566,
53567,
53569,
53570,
53571,
53574,
53576,
53578,
53579,
53580,
53589,
53592,
53593,
53594,
53600,
53601,
53603,
53604,
53606,
53643,
53644,
53652,
53673,
53674,
53684,
53689,
53691,
53697,
53698,
53701,
53702,
53709,
53717,
53724,
53729,
53734,
53736,
53737,
53738,
53739,
53748,
53750,
53756,
53765,
53766,
53767,
53768,
53769,
53772,
53773,
53774,
53778,
53782,
53785,
53792,
53796,
53810,
53814,
53825,
53826,
53827,
53828,
53829,
53835,
53836,
53837,
53846,
53847,
53849,
53865,
53866,
53867,
53871,
53877,
53884,
53887,
53893,
53894,
53896,
53905,
53906,
53908,
53909,
53910,
53911,
53921,
53922,
53923,
53933,
53934,
53938,
